episode,cumulative_reward,success,episode_length,final_absolute_error,epsilon,mean_loss,elapsed_seconds
1,16.325434427708387,True,27,0.001954714901445373,1.0,nan,0.1513226899842266
2,-140.19520038366318,False,150,1.4432982847979403,0.985,nan,1.0360999319818802
3,-18.205299328872922,True,110,0.0064917830099400775,0.970225,nan,1.8574979690019973
4,-193.59754168987274,False,150,1.7942242830929254,0.955671625,nan,2.9734757419792004
5,-169.08597439527512,False,150,0.8876082940389769,0.941336550625,0.14347346482629125,4.9533430529991165
6,-151.26973113417625,False,150,0.717798001505408,0.927216502365625,0.055447786672351264,7.091080318001332
7,-80.12770585715771,False,150,0.9961873538053795,0.9133082548301407,0.0532409515575273,9.201608043978922
8,-46.062099280953404,False,150,0.3246551117333094,0.8996086310076885,0.04297017392197934,11.358124033984495
9,-41.79152920786291,False,150,0.1700381033822979,0.8861145015425732,0.028072643200866877,13.511739954992663
10,-15.010855897609147,False,150,0.35658424930201393,0.8728227840194346,0.035156482536500944,15.67057992197806
11,-44.278279840759936,False,150,0.6514253488514905,0.8597304422591431,0.021921790906538566,17.747916738997446
12,11.7192038372159,True,49,0.02838322665483939,0.8468344856252559,0.0430201141268243,18.421348586998647
13,-93.85072615742683,False,150,0.4222550819892814,0.834131968340877,0.02797572312798972,20.501201929000672
14,2.7418798687402095,True,100,0.030237392789668582,0.8216199888157638,0.034996841454412786,21.89314735197695
15,-23.986351914377884,False,150,0.004482597578313818,0.8092956889835273,0.034951816236910724,24.004463220975595
16,15.16240297742188,True,39,0.037273358784616704,0.7971562536487744,0.015332546395560106,24.537617939990014
17,-2.3430503922514667,True,105,0.002965232744919666,0.7851989098440427,0.045280698340918336,26.111494779994246
18,-4.424794097617273,True,48,0.012126373835866344,0.773420926196382,0.04007633094443008,26.82684401900042
19,17.676525841094545,False,150,0.06554816539849778,0.7618196123034363,0.04705163501823942,29.119878591998713
20,-24.30815639778736,True,103,0.009743983616883944,0.7503923181188847,0.039409107777281,30.70431045498117
21,15.986336912243859,True,106,0.0018625603050171358,0.7391364333471014,0.04629084336536251,32.18831575498916
22,27.49965706161456,True,145,0.0062713883306563245,0.7280493868468949,0.04631055707818475,34.44443769499776
23,-4.054323647357528,True,102,0.017930379555379794,0.7171286460441915,0.047585019773310595,36.23694468897884
24,14.06237312843441,True,115,0.0004544580004418597,0.7063717163535286,0.057233268500346206,37.910472399002174
25,18.368213656870648,True,53,0.029470690285536116,0.6957761406082257,0.05371885990091371,38.72265874798177
26,17.614269397594036,True,9,0.039878078376756096,0.6853394984991023,0.08196890581813124,38.90843333498924
27,-1.8632808334630724,True,96,0.011573159109202091,0.6750594060216157,0.052477498849232994,40.464532193000196
28,10.570152260165196,True,39,0.03190809375555492,0.6649335149312915,0.056505993486214906,41.09481885298737
29,15.553720727656035,True,18,0.021098344937999003,0.6549595122073221,0.04581205267459154,41.361838240001816
30,19.095580791216342,True,66,0.01912756435199703,0.6451351195242122,0.05233493500925375,42.307795886998065
31,9.830570853408425,True,55,0.039905181134731404,0.635458092731349,0.06159681782803752,43.081502412998816
32,14.879165433440358,True,22,0.012498951286721738,0.6259262213403788,0.0506505367600105,43.401875446987106
33,17.339044951181858,True,27,0.012157230400562241,0.6165373280202731,0.0633260459397678,43.8634317489923
34,17.200907689984888,True,16,0.014265907147124564,0.607289268099969,0.044824801734648645,44.10225076699862
35,14.046739952638747,True,70,0.02656283788674796,0.5981799290784694,0.08156502096514617,45.04787531797774
36,17.325049386685713,True,74,0.01103798587964977,0.5892072301422924,0.07142611878697534,46.32162646399229
37,17.537664036359637,True,8,0.00390683532519779,0.580369121690158,0.14493186329491436,46.47843303499394
38,13.557007370702923,True,24,0.0025420705039122526,0.5716635848648056,0.10346802331817646,46.75975777898566
39,17.69153454210609,True,24,0.00931033089952793,0.5630886310918335,0.0685860615146036,47.03005717799533
40,17.29369245354319,True,13,0.0073125854459960005,0.554642301625456,0.07885302008631137,47.17430123197846
41,12.155184535658918,True,25,0.008314667881116233,0.5463226671010741,0.08262191154062748,47.61721629099338
42,15.553631472587586,True,34,0.003096630596125194,0.538127827094558,0.06290317776010317,48.03962793198298
43,14.471140177804045,True,25,0.0009748466885213802,0.5300559096881396,0.08208245471119881,48.40060573199298
44,10.01128829724621,True,40,0.014850128474046653,0.5221050710428176,0.08251365004107356,48.97647285298444
45,12.127004466415384,True,29,0.005894250287180436,0.5142734949771753,0.06490733557990913,49.42806524399202
46,13.410235611535608,True,31,0.012643377488698287,0.5065593925525177,0.05587666142251222,49.84090879600262
47,19.428843428730033,True,48,0.0018248398378811204,0.4989610016642299,0.0621891546373566,50.406512905989075
48,13.850902317557484,True,24,0.017252856362047875,0.49147658663926647,0.06213996283865223,50.79469980800059
49,16.154816538607705,True,39,0.02764063831530672,0.48410443783967744,0.07859489125892138,51.336216166993836
50,14.453095492458669,True,18,0.007673925594347597,0.47684287127208225,0.11393232519427936,51.57651417099987
51,4.630866055143994,True,33,0.0021480008415802887,0.469690228203001,0.06574486444393794,51.98589151198394
52,11.341915716670337,True,27,0.0004988155986448417,0.462644874779956,0.06769518926739693,52.322440901974915
53,16.511117980565178,True,15,0.005480554623293554,0.4557052016582566,0.04938536894818147,52.543939989001956
54,16.28321417646366,True,32,0.010970665973380589,0.4488696236333828,0.09058549796463922,52.96657456899993
55,12.391230229986832,True,25,0.006086047747782486,0.44213657927888206,0.09350342772901059,53.34209723598906
56,17.224540035426617,True,14,0.013783337530074866,0.43550453058969885,0.10837402181433779,53.56665786297526
57,17.22158620150294,True,13,0.011349496416313568,0.42897196263085335,0.087111718307894,53.736050209990935
58,11.36420711921528,True,44,0.037838434982715,0.42253738319139056,0.07527512692931024,54.58407658099895
59,9.850924790208229,True,28,0.009223896588427927,0.4161993224435197,0.10174156805234295,54.959453868999844
60,16.01631273503881,True,32,0.005484408312350697,0.4099563326068669,0.08966649795183912,55.46553286499693
61,17.717486293264663,True,10,0.01812498831668989,0.4038069876177639,0.05999043956398964,55.629179785988526
62,17.503777538985013,True,12,0.0018444080378719058,0.39774988280349743,0.035644867457449436,55.86596455599647
63,11.771799231600015,True,29,0.026737116435359032,0.391783634561445,0.08878042786542711,56.423118982987944
64,20.658781396003903,True,33,0.006129839642998347,0.3859068800430233,0.0666696827181361,56.86509388400009
65,17.5358316231519,True,11,0.015677848818758167,0.380118276842378,0.08912986500019376,56.98731350898743
66,18.938562096841633,True,20,0.008902192235752726,0.3744165026897423,0.08379531390964985,57.22284171899082
67,16.20396750420332,True,15,0.005446291803483327,0.3688002551493962,0.06328022573143244,57.460702726995805
68,10.370890620118008,True,26,0.021798789215757952,0.36326825132215523,0.07107332305839428,57.82289862897596
69,22.130461214110255,True,19,0.012581483932252654,0.3578192275523229,0.06900749380063069,58.077035217982484
70,13.811078111024107,True,22,0.0007633034315760456,0.35245193913903805,0.08554664931514046,58.37287883798126
71,19.312761985068207,True,22,0.004649158152767036,0.34716516005195247,0.07679771665822376,58.7215473119868
72,7.3675597851863115,True,57,0.007990392699896876,0.34195768265117316,0.08318611087375566,59.59263727098005
73,13.448917191661895,True,22,0.0002998462359320997,0.33682831741140556,0.07268194278532808,59.90582660899963
74,10.060145670291968,True,28,0.004674129926928394,0.3317758926502345,0.07291126470746738,60.302638637978816
75,15.774218332691817,True,16,0.018353054624725695,0.32679925426048095,0.0660198702244088,60.54190322497743
76,22.986784528949645,True,33,0.004180874010213387,0.3218972654465737,0.06040153607274547,60.973879147990374
77,19.051089735748246,True,23,0.018197173607150507,0.3170688064648751,0.06744219953923122,61.31991188498796
78,16.94932982753962,True,15,0.004371621878260568,0.312312774367902,0.05311066508293152,61.55460018699523
79,13.898779145162553,True,22,0.011927971390481018,0.30762808275238346,0.07144032486460426,61.83963372599101
80,16.48488643707242,True,15,0.027773356563372625,0.3030136615110977,0.07645431235432625,62.01865001098486
81,17.30830827645259,True,14,0.003462540328154573,0.29846845658843124,0.0820282990378993,62.18720105898683
82,13.258597330749035,True,23,0.004433100939905121,0.2939914297396048,0.08220141154268513,62.59942885898636
83,13.763156682811676,True,20,0.013801110036359088,0.28958155829351073,0.07299089897423983,62.831682947988156
84,6.12966887957882,True,34,0.010948898652458405,0.2852378349191081,0.0631468165665865,63.30183701598435
85,11.505673061311246,True,24,0.01513614672028607,0.28095926739532145,0.07376102870330215,63.70969146897551
86,12.538919275969965,True,27,0.0003074198266158623,0.2767448783843916,0.056938542536011445,64.06151346198749
87,17.570087041240185,True,9,0.00397171154544354,0.27259370520862575,0.04210036527365446,64.16074793998268
88,13.347915967460722,True,21,0.005883436809347331,0.26850479963049634,0.07823500746772402,64.45082327499404
89,17.986626878380775,True,8,0.0016716401653816826,0.26447722763603887,0.055224008625373244,64.58938486597617
90,14.043211174500176,True,19,0.002159205054666491,0.2605100692214983,0.057934306659980825,64.96776213598787
91,15.97955472082831,True,16,0.00859174199850693,0.2566024181831758,0.05994914658367634,65.44793975297944
92,17.483740339241923,True,11,0.009925287275714081,0.2527533819104282,0.07267850163308057,65.58355253498303
93,23.459134908777195,True,24,0.0197957915684705,0.24896208118177174,0.06748138666929056,65.91515761398477
94,16.092791859572753,True,16,0.002677189624299803,0.24522764996404517,0.09227553196251392,66.11761538599967
95,16.89875895021323,True,13,1.2455053385734827e-05,0.2415492352145845,0.0806389356461855,66.27931229598471
96,16.81492646969855,True,14,0.0036732452477823696,0.23792599668636571,0.05829629448375532,66.54910461098189
97,12.872686459310353,True,20,0.009682612882429997,0.23435710673607021,0.05491666328161955,66.8143308479921
98,13.273368500988,True,20,0.0033677060450952867,0.23084175013502917,0.0494045602157712,67.12362659399514
99,10.459101109951735,True,27,0.008565967594094781,0.22737912388300371,0.05957897179932506,67.60590342999785
100,14.232610999513419,True,27,0.0079086558910888,0.22396843702475866,0.058441718143445474,67.9599696569785
101,16.297696414031087,True,16,0.005458213822782998,0.22060891046938727,0.05163051118142903,68.22110376600176
102,15.596454086713493,True,17,0.032616179171931214,0.21729977681234647,0.04720193914630834,68.4680068869784
103,7.854321634583175,True,28,0.005498924983775133,0.21404028016016127,0.06511469684275133,68.78593483500299
104,15.176018876000308,True,18,0.0038204205773464395,0.21082967595775884,0.05812755785882473,69.0004728709755
105,16.01911635674769,True,16,0.0017531562341981388,0.20766723081839245,0.05333555117249489,69.2518705620023
106,17.67685673367232,True,10,0.010573709241468512,0.20455222235611656,0.06350043918937445,69.39804794898373
107,17.564048395352437,True,20,0.00489631840925181,0.2014839390207748,0.060749237053096296,69.67725084797712
108,12.260010405257344,True,21,0.006069788021881517,0.19846167993546318,0.06601810934288162,69.96876003398211
109,12.132084605609998,True,22,0.006122715477087981,0.19548475473643123,0.05453525475141677,70.31166699397727
110,17.534863209584728,True,10,0.003303982545429962,0.19255248341538475,0.04261132180690765,70.47580651700264
111,14.829919314694962,True,17,0.00043141664916807043,0.18966419616415398,0.0477087468127994,70.75998319199425
112,16.171945860492997,True,17,0.0016182816394036403,0.18681923322169167,0.05880837602650418,70.98215288299252
113,17.30703632826917,True,13,0.0072500606055689865,0.1840169447233663,0.04779093870176719,71.13336436598911
114,12.531701090862043,True,23,0.007564501792382328,0.1812566905525158,0.04416972908960736,71.48389637097716
115,13.325044357217848,True,21,0.0059676635683072465,0.17853784019422808,0.04708572716585228,71.81492732799961
116,17.846862808382138,True,27,0.002258286512210772,0.17585977259131466,0.0468721789204412,72.1126965089934
117,14.702392230229451,True,20,0.0013872785455698033,0.17322187600244493,0.046780232805758715,72.40850074400078
118,17.44321884769015,True,11,0.004892335533176445,0.17062354786240824,0.04486793279647827,72.58908261399483
119,17.029407202452422,True,13,0.006630502588182818,0.16806419464447211,0.03721298950795944,72.80598484299844
120,17.48269012016244,True,12,0.011002295023156111,0.16554323172480503,0.04422332796578606,72.96000507898862
121,16.67661011647433,True,15,0.004219000214412877,0.16306008324893295,0.05211381837725639,73.13588175797486
122,11.246845401660538,True,23,0.013065233361955975,0.16061418200019895,0.0656117262399715,73.45130085499841
123,17.3680921391584,True,12,0.005482732780929339,0.15820496927019595,0.050591472536325455,73.63426852499833
124,10.934766102256253,True,25,0.005010313664093435,0.155831894731143,0.04350252456963062,74.02816217299551
125,17.70302473616175,True,8,0.005652756961218405,0.15349441631017585,0.03670957870781422,74.12560120597482
126,16.23292157110409,True,16,0.0071125930865260645,0.15119200006552322,0.03679781872779131,74.37092520299484
127,13.326427006116138,True,20,0.004749797940044154,0.14892412006454037,0.03425289485603571,74.61095223599114
128,13.200785914482548,True,20,0.0037680004861150307,0.14669025826357227,0.041643107682466506,74.84430453099776
129,19.058131127152592,True,17,0.008533388740650433,0.14448990438961867,0.03714788584586452,75.14991379599087
130,14.241492646466941,True,19,0.0069466249766700905,0.1423225558237744,0.04268167471807254,75.47664331298438
131,11.837070096074603,True,23,0.004701017917461914,0.14018771748641778,0.03696139286393705,75.77798354299739
132,17.438412758268534,True,12,0.00010670330008571982,0.13808490172412152,0.03393938501055042,75.93082603099174
133,16.162553395237772,True,18,0.0038978210785371448,0.1360136281982597,0.041992786133454904,76.29380269799731
134,17.229130352847278,True,12,0.005911887633627294,0.13397342377528582,0.036414099081108965,76.44020377699053
135,9.889922133309302,True,25,0.0007206192595932137,0.13196382241865653,0.03474770404398441,76.82404206399224
136,11.9233693276532,True,21,0.004489244244866408,0.12998436508237668,0.05981381494729292,77.24305076498422
137,23.917754370201145,True,21,0.004602493985770312,0.12803459960614103,0.03803503185155846,77.63988898397656
138,15.123213793127798,True,18,0.0012586068095308822,0.1261140806120489,0.04143257304612133,77.86327532699215
139,11.910918843551919,True,22,0.005179188239309851,0.12422236940286817,0.034676526419141075,78.10390243498841
140,17.80059509128332,True,8,0.012379377159050981,0.12235903386182514,0.031654427759349346,78.21256877700216
141,17.852417984604834,True,8,0.005901515532874064,0.12052364835389777,0.03087753616273403,78.33535469099297
142,11.845220280135981,True,23,0.001488033328168381,0.1187157936285893,0.034725916693392006,78.7003322620003
143,17.46219990211539,True,11,0.0032176567933613065,0.11693505672416046,0.03284707462245768,78.84793771000113
144,17.521053828159346,True,8,0.0217083807034218,0.11518103087329805,0.036807667231187224,78.94099456598633
145,15.252770954743028,True,18,0.005107886401852835,0.11345331541019858,0.031191396837433178,79.14467269700253
146,18.124932465236633,True,20,0.01807638430115449,0.11175151567904561,0.03708126004785299,79.41681067697937
147,17.774771500867793,True,8,0.0012583890137612408,0.11007524294385992,0.029734301613643765,79.50544427399291
148,17.545159104757477,True,11,0.0018775037198760225,0.10842411429970203,0.037383897907354614,79.71650673798285
149,10.93971871775866,True,23,0.004655259527262867,0.1067977525852065,0.03453073820666126,80.02620046198717
150,14.413029801542871,True,19,0.006909844795876308,0.10519578629642841,0.03261221425705835,80.3071073500032
151,11.898209859547205,True,23,0.002000529629732184,0.10361784950198198,0.04710314455239669,80.6819865089783
152,13.302459325757809,True,21,0.004235712652043699,0.10206358175945225,0.062480236270598004,80.97723030799534
153,17.21628560926765,True,15,0.005790975377303664,0.10053262803306047,0.043001850694417955,81.16587233898463
154,12.43225267175585,True,22,0.00399372432876155,0.09902463861256457,0.04019659757614136,81.42317374399863
155,15.902407198923175,True,18,0.000610265340471039,0.09753926903337609,0.04132912618418535,81.68977542498033
156,16.027960904780777,True,16,0.009912493617780849,0.09607617999787545,0.040210303268395364,81.9191112970002
157,16.183719733450562,True,16,0.002510877211497342,0.09463503729790732,0.0405801790766418,82.22015652898699
158,15.388283347431571,True,19,0.006603620717669456,0.0932155117384387,0.0406307586909909,82.45473506397684
159,14.958752148729399,True,18,0.003564491348150345,0.09181727906236212,0.039482063303391136,82.77002959497622
160,13.325339299047481,True,20,0.0031727646872369286,0.09044001987642668,0.042731189355254176,83.06999409099808
161,12.714532612264156,True,21,0.005826961883154014,0.08908341957828028,0.038891524342553954,83.38636225799564
162,15.217161105480045,True,17,0.003528798929245569,0.08774716828460608,0.03213680787559818,83.59266382097849
163,11.010854815784842,True,22,0.005646381509947007,0.08643096076033699,0.039958462457765236,83.84649058699142
164,17.643457486084664,True,10,0.0016309672745397213,0.08513449634893193,0.037000283040106295,83.97848916298244
165,16.992683154484258,True,13,0.005520256434548926,0.08385747890369795,0.05708785426731293,84.13644191698404
166,13.224427498388103,True,22,0.0013043876944045518,0.08259961672014247,0.06595121713524515,84.5058482849854
167,14.485702683404089,True,19,0.01097418396291494,0.08136062246934034,0.047184784553552926,84.75836338597583
168,16.39102618845645,True,15,0.004398178103151629,0.08014021313230023,0.0465592031677564,84.95169390999945
169,11.937497606314718,True,23,0.006511699117369596,0.07893810993531572,0.04946887412148973,85.47418001599726
170,16.085241328831763,True,16,0.006691440476281951,0.07775403828628598,0.046094706282019615,85.75359831599053
171,17.54384907804488,True,8,0.0011443978942013919,0.07658772771199168,0.04611669760197401,85.86728387797484
172,15.727424848126248,True,18,0.0023123227051035644,0.0754389117963118,0.052227080075277224,86.11171195699717
173,11.82658864351688,True,23,0.00700877826427726,0.07430732811936713,0.049233992057649986,86.48230328498175
174,12.893261452158914,True,22,0.012083607893970782,0.07319271819757663,0.049685702066529884,86.78016665097675
175,11.804209660086782,True,21,0.010316897803565483,0.07209482742461297,0.050722984685784296,87.05570209398866
176,17.48882871574897,True,11,8.590316848175461e-05,0.07101340501324377,0.04686399769376625,87.32101364398841
177,11.094228869571817,True,23,0.0016133829598964367,0.06994820393804511,0.04534594666050828,87.77160782399005
178,13.005401506903581,True,22,0.004072111843618109,0.06889898087897443,0.04210755457593636,88.09317338798428
179,15.341035376582294,True,18,0.0021318037459712724,0.06786549616578981,0.08996861738463242,88.39102395199006
180,13.313729634392075,True,21,0.007682959718424143,0.06684751372330296,0.05818099422114236,88.65672315098345
181,13.121967086428777,True,21,0.012554650739614037,0.06584480101745341,0.05992572470789864,89.00556866498664
182,17.831943459901957,True,8,0.009235020827611008,0.06485712900219161,0.05933471443131566,89.10171822298435
183,16.41855960225221,True,15,0.007507324561386197,0.06388427206715873,0.06306257992982864,89.32919198798481
184,15.158178215334193,True,18,0.003761178830995804,0.06292600798615135,0.060304797151022486,89.65596541098785
185,16.536201479379088,True,15,0.018358594742744816,0.06198211786635908,0.054055061439673105,89.92185983399395
186,17.082039206149055,True,14,0.002944995044737886,0.06105238609836369,0.054049489221402576,90.19673579398659
187,12.956049698032439,True,21,0.0023422677088824617,0.060136600306888235,0.0572149379267579,90.7099915969884
188,15.709161455091088,True,17,0.0030734300341323517,0.05923455130228491,0.051890350768671316,91.04067711398238
189,15.841073767634224,True,17,0.010408522963906874,0.058346033032750634,0.059445548364344764,91.3559970879869
190,12.284363719495014,True,22,0.0046046001596787844,0.05747084253725938,0.05966637639159506,91.80720304499846
191,15.464258703030646,True,18,0.0003858477613469802,0.05660877989920048,0.05069334598051177,92.08722065499751
192,12.91813469082117,True,21,0.0040856605454748784,0.055759648200712476,0.0571247794266258,92.51202967399149
193,14.321062361099758,True,19,0.005607220524157852,0.054923253477701786,0.08157698633639436,92.85033265399397
194,13.669218147266657,True,21,0.0029742339274545504,0.054099404675536256,0.06829382106661797,93.16647943298449
195,13.963936861930414,True,20,0.004738825754677434,0.05328791360540321,0.06960149649530649,93.54758362498251
196,17.32703597433865,True,12,0.005151424584544928,0.05248859490132216,0.0683874834018449,93.7441643839993
197,13.158737537369598,True,21,0.0062312727992180905,0.05170126597780233,0.06149278084437052,94.07538786900113
198,14.7539821007289,True,19,0.008716772231993297,0.05092574698813529,0.06737287303334788,94.39537273198948
199,16.501782747276593,True,16,0.004948023693133463,0.05016186078331326,0.056014188448898494,94.73297007998917
200,15.056876531607122,True,19,0.00451242483611225,0.05,0.05864600749000123,95.052465337998
201,11.442229263467016,True,23,0.009329501357965064,0.05,0.06492672528585662,95.53114265500335
202,17.838142579514532,True,8,0.007777819568285311,0.05,0.0662076291628182,95.68782249800279
203,13.840525898477063,True,20,0.004479299761289912,0.05,0.06345950737595558,96.00517668700195
204,11.353442656676634,True,23,0.008423855214088727,0.05,0.05740003336382949,96.33312711198232
205,14.576981303759384,True,19,0.009334104369625063,0.05,0.06032599440138591,96.63052098598564
206,13.54288173620589,True,20,0.0077931280780750845,0.05,0.07050550384446978,97.1246760529757
207,16.40299421790987,True,16,0.0010472000219897137,0.05,0.08431300590746105,97.43817615599255
208,13.467229196801782,True,21,0.01803425807327863,0.05,0.0654528531290236,97.76336313199135
209,17.73283082812559,True,8,0.002148528421763907,0.05,0.06317486567422748,97.89217446299153
210,15.889737524092197,True,16,0.009625048020186266,0.05,0.07053911383263767,98.14030342898332
211,17.467990076146087,True,12,0.0017159917257385804,0.05,0.06670131627470255,98.3036821159767
212,14.644536336837337,True,19,0.007207288240846266,0.05,0.06817495234702763,98.62174319400219
213,13.382517842482777,True,22,0.0018931494261235082,0.05,0.062322494658556854,98.91603637699154
214,15.977922750415745,True,17,0.0029761479395567503,0.05,0.06540580817005213,99.15075275299023
215,15.760837180400266,True,17,0.004641367655090267,0.05,0.07230258842601496,99.44858088198816
216,12.544838075252482,True,22,0.01490543930493693,0.05,0.07182851552285931,99.86056539497804
217,12.248707912481041,True,23,0.0020666498006347567,0.05,0.062222481016879494,100.17403919500066
218,12.445220900606364,True,21,0.011139255383408653,0.05,0.06714246067262832,100.52466977798031
219,17.312483527511358,True,13,0.010113349975625602,0.05,0.058523391301815324,100.71841018999112
220,16.243233068473636,True,17,0.0036511889793542918,0.05,0.058361186810276085,100.98395505099325
221,17.876943696528905,True,8,0.003328391084028961,0.05,0.10270473500713706,101.08789374798653
222,16.676921077954468,True,15,0.001692579064219768,0.05,0.09491708477338155,101.33663379098289
223,11.844495139224456,True,22,0.003561061630583562,0.05,0.07773408581587402,101.73709105199669
224,16.016213335702197,True,16,0.01177991073097967,0.05,0.0668496327707544,101.95798418598133
225,12.516728467168287,True,22,0.01599701525347763,0.05,0.07775538753379475,102.25328539600014
226,10.689973253989592,True,28,0.002923089693088743,0.05,0.07801063957491092,102.67740668100305
227,17.611444027884865,True,11,0.0005734919875381855,0.05,0.08959762481125919,102.84781328198733
228,16.847533343126997,True,14,0.0043885289363329305,0.05,0.08261813835373946,103.01832009598729
229,13.201598970702616,True,21,0.0002735413072255666,0.05,0.07127492635377816,103.27382953598863
230,13.710962309816386,True,20,0.0005203214175129034,0.05,0.07231987928971648,103.55529424999258
231,17.317817775227013,True,12,0.001503036905164623,0.05,0.07873395178467035,103.68852365997736
232,11.624534718936774,True,22,0.013431607522499611,0.05,0.07909399897537449,103.97204893498565
233,17.36330383683089,True,13,0.0013320679554174597,0.05,0.0718656162229868,104.1432329340023
234,12.252896936517208,True,22,0.012951454594175127,0.05,0.0804144897582856,104.43127267798991
235,14.857091125642182,True,19,0.001742680781150141,0.05,0.10495909734776146,104.68250207797973
236,17.68815923203947,True,9,0.004914811003730972,0.05,0.1129147397975127,104.79763770499267
237,15.064255456213141,True,18,0.0067104606410227086,0.05,0.0749640232986874,105.09436524499324
238,11.28514259266667,True,23,0.016018356537733536,0.05,0.07823870816956395,105.52538102900144
239,13.287737285660114,True,21,0.0020808332551544018,0.05,0.07195007366438706,105.89981057398836
240,13.22944740448147,True,21,0.005160459005453477,0.05,0.0778962719653334,106.36127969998051
241,14.626150902407243,True,19,0.010185018692372594,0.05,0.10044901974891361,106.65035177499522
242,15.136580979824066,True,18,0.004772507931327441,0.05,0.0823517416914304,106.83848951300024
243,17.698062632244547,True,9,0.0019777514417663733,0.05,0.0840284147610267,106.94497914999374
244,16.971364445635118,True,14,0.00848455429008782,0.05,0.08966245874762535,107.22663308799383
245,13.579024826665409,True,21,0.012240467092598184,0.05,0.07857946696735564,107.63488109997706
246,17.294535255804657,True,13,0.010992894240919898,0.05,0.08794071525335312,107.85776062199147
247,17.47430074091535,True,12,0.009866114564422462,0.05,0.06689760492493708,108.02428453299217
248,17.02747975056409,True,14,0.005078727091514551,0.05,0.07056127249130181,108.20141498299199
249,17.479760653711857,True,11,0.004434495682522549,0.05,0.06577193635431203,108.42347240197705
250,16.639525121849147,True,15,0.003661184276080004,0.05,0.07426063219706218,108.63889818298048
251,13.48878081976436,True,21,0.0061471513369810715,0.05,0.10833607099595524,108.89840732698212
252,17.607716971449555,True,10,0.00853398186477583,0.05,0.0847016416490078,109.01488242400228
253,15.31714795148,True,18,0.002545122039886938,0.05,0.09232217570145924,109.22589894899284
254,15.48098206249997,True,17,0.005826240815038186,0.05,0.09933086002574247,109.41386016597971
255,15.552072224616131,True,17,0.01295346196778041,0.05,0.09691816349239911,109.70221174898325
256,14.592645570759851,True,19,0.010810363384373245,0.05,0.08737593222605555,109.94972897999105
257,15.028769869776443,True,24,0.0028570051724375878,0.05,0.10492258006706834,110.23575986997457
258,12.482397804153152,True,22,0.012724510099156316,0.05,0.09104089303450151,110.53083872699062
259,17.29060627371073,True,13,0.007686636489031201,0.05,0.0864291380231197,110.67792272797669
260,12.88972939159721,True,21,0.010210009327723535,0.05,0.08749141508624667,110.97066584898857
261,14.099929782655089,True,20,0.012697417659013222,0.05,0.07268733773380517,111.24838017000002
262,16.300580966821872,True,16,0.003351611942261856,0.05,0.0999410254880786,111.48497549098101
263,13.99466510952916,True,19,0.0020147964436429966,0.05,0.08802859642003712,111.76844173899735
264,12.521365725155919,True,21,0.017418583525755205,0.05,0.09208058415069467,112.1327477110026
265,14.361926194862463,True,19,0.010062291125246703,0.05,0.10619278056056876,112.43384738898021
266,16.10731512339553,True,16,0.0013148143401574552,0.05,0.0992143820039928,112.6198657139903
267,13.999180219322444,True,19,0.005013794349945422,0.05,0.09727828381092925,112.83031992899487
268,13.127203680423554,True,19,0.0038009939571320706,0.05,0.09329976572802193,113.12454693799373
269,11.498777594347484,True,22,0.0046170674957306534,0.05,0.08784813908013431,113.44279758498305
270,11.903715356625616,True,21,0.02549928000555801,0.05,0.0892045201645011,113.76276644898462
271,14.357077391564236,True,19,0.004058179737441159,0.05,0.08500168403904688,114.06439369398868
272,12.09840943517629,True,22,0.0011395086611921679,0.05,0.10396399128843438,114.42477276897989
273,17.449500028556212,True,12,0.004246850002505798,0.05,0.0812324086825053,114.59589520998998
274,16.48203977026278,True,16,0.01203443919198749,0.05,0.10388349066488445,114.83397981899907
275,17.328739728115032,True,13,0.0004973697149889822,0.05,0.09594874714429562,115.00898605099064
276,16.53937806333415,True,15,0.016205004841800652,0.05,0.08866298720240592,115.32200833698153
277,17.84213121361099,True,8,0.011997909012868707,0.05,0.10376774054020643,115.47402236098424
278,11.712269775150343,True,24,0.006286195298927932,0.05,0.09227315755560994,115.77431573800277
279,13.134185859037096,True,22,0.011013890541025417,0.05,0.09746936403892258,116.0319551199791
280,12.030451198434458,True,21,0.001631529778051699,0.05,0.10983032750941459,116.33848268399015
281,13.798897070297972,True,20,0.018119558567316396,0.05,0.0884148996323347,116.67415203497512
282,14.86792198444018,True,18,0.009959693904642852,0.05,0.10992013994190428,116.99995453699376
283,15.556223734887316,True,17,0.004611913629485653,0.05,0.09469720874639119,117.20504127300228
284,17.00425661338959,True,15,0.00361513161699209,0.05,0.10074299412469069,117.46481782497722
285,17.336958390206565,True,12,0.007661145115181067,0.05,0.11804594720403354,117.63343214898487
286,11.922785846632905,True,21,0.005060373801314855,0.05,0.09414722326965559,117.89489671497722
287,16.78097392882919,True,13,0.001721327993508076,0.05,0.10409160775060837,118.08656245298334
288,17.59697288761381,True,8,0.0019441324143497224,0.05,0.11025599576532841,118.22597148397472
289,12.892885513813235,True,22,0.0018522728542282874,0.05,0.11105755979025905,118.58693209799821
290,14.160965111572295,True,19,0.004451827788221396,0.05,0.10334466182087597,118.86871085799066
291,12.56172440890223,True,28,0.007547004205935792,0.05,0.10024176777473517,119.31404795899289
292,12.098967412183992,True,22,0.008308793674263404,0.05,0.1070846226066351,119.59354402997997
293,12.7952387182042,True,22,0.004565917646452977,0.05,0.10715648938309062,119.93220586900134
294,13.798489488719497,True,20,0.009690051906476538,0.05,0.09549795696511865,120.201837495988
295,12.589904733473668,True,21,0.02351453056684727,0.05,0.10136617250030949,120.50548751599854
296,11.049328602336754,True,23,0.006830274592650065,0.05,0.1135319147420966,120.76939751999453
297,14.335534137580543,True,18,0.01424587313747322,0.05,0.11581717224584685,121.0051716750022
298,15.179937681392765,True,18,0.0019081128565328065,0.05,0.10632099076691601,121.29198546998668
299,16.48774510754738,True,16,0.007058572312243022,0.05,0.09240890154615045,121.5955071740027
300,18.66087025580928,True,24,0.008270098614084342,0.05,0.1004768960022678,121.93270092699095
301,13.678116345498712,True,19,0.0022876174896387935,0.05,0.11980535972275232,122.21537299899501
302,17.685062739718706,True,9,0.006118092150673091,0.05,0.12002241031991111,122.37469450497883
303,17.762937378964853,True,8,0.0013350166819249623,0.05,0.10879625706002116,122.46653789599077
304,13.803069175826385,True,20,0.005980701753535156,0.05,0.11784177217632533,122.76453270198544
305,17.70854180995375,True,9,0.005310032467727391,0.05,0.07438743114471436,122.90215976999025
306,16.465294041123705,True,15,0.00016385229907439625,0.05,0.11098799630999565,123.090082685987
307,16.930956517194865,True,14,0.001146283491476885,0.05,0.1154443057520049,123.27641930099344
308,15.767736763134598,True,17,0.027352253028492035,0.05,0.1026074890704716,123.57089616300073
309,13.354862015414984,True,21,0.007959083545207468,0.05,0.10136846417472475,123.81143801897997
310,17.735072687338107,True,8,0.008710061469592734,0.05,0.1060941182076931,123.91244336598902
311,17.43173879806418,True,12,0.005288858784907646,0.05,0.11564333457499743,124.04793256398989
312,15.301662018708885,True,17,0.0017689363697253047,0.05,0.12301499988226329,124.26011984198703
313,16.91560366086196,True,13,0.00018433225711467216,0.05,0.09957710424294838,124.48741762599093
314,16.438453023866167,True,15,0.00871099346042345,0.05,0.09736138818164666,124.71223869797541
315,16.599031075567474,True,15,0.006708257000579976,0.05,0.1074123832086722,124.93420430997503
316,16.995941664034035,True,13,0.0020590806357425606,0.05,0.09008156995360668,125.18767299698084
317,16.41719108845573,True,15,0.0031182467621632126,0.05,0.10939479395747184,125.6281658859807
318,15.917320877546445,True,16,0.001683220087552173,0.05,0.1275971718132496,125.89888805098599
319,12.00885853720829,True,22,0.010997668850005637,0.05,0.1073772595687346,126.16971872898284
320,12.388374761445448,True,21,0.0063641921346422325,0.05,0.1045474691227788,126.4894787389785
321,17.784252733597533,True,8,0.004397683146814782,0.05,0.14021912962198257,126.597973832977
322,16.56920560095459,True,15,0.0031540401139827923,0.05,0.09544758945703506,126.84073550399626
323,17.687999313592446,True,9,0.0005595036641654061,0.05,0.11936898343265057,126.95478968397947
324,13.919399478076958,True,20,0.015292602889018347,0.05,0.12120111575350165,127.18544035998639
325,16.74584435984143,True,14,0.007035967308028412,0.05,0.09085247412856136,127.3390496239881
326,14.855734707065858,True,18,0.004518608256464163,0.05,0.12573032908969456,127.64699404197745
327,17.73424549851334,True,9,0.002020269646435098,0.05,0.08574351337220934,127.76829201699002
328,16.834972486877813,True,13,0.008065038191057666,0.05,0.1138675118295046,127.96393776999321
329,16.063532866529933,True,16,0.0013422009672480195,0.05,0.1269483492942527,128.25963037498877
330,15.890406640537549,True,17,0.013012810532630537,0.05,0.10267531466396417,128.5776334349939
331,14.951143139321356,True,18,0.004000854680119348,0.05,0.10888958132515351,128.87284938097582
332,16.275068069715054,True,16,0.009291690394207963,0.05,0.12363268155604601,129.12558678298956
333,13.697660036105662,True,20,0.0072624287367833995,0.05,0.10439435001462698,129.41496740898583
334,13.557161535741761,True,20,0.006333908560514634,0.05,0.11428407598286867,129.6535154589801
335,17.104526147665457,True,13,0.0032508701007450125,0.05,0.12303823547867629,129.79993543599267
336,12.904868112783879,True,21,0.010598028630796397,0.05,0.1117158147195975,130.038357671001
337,15.837558170176635,True,16,0.004679614709743152,0.05,0.09217890119180083,130.25938695800141
338,12.72499436507933,True,20,0.0014619891480305292,0.05,0.12261121347546577,130.56984398598433
339,12.275764869665727,True,22,0.009758541170600599,0.05,0.13135766254907305,130.8943492489925
340,13.728377081057989,True,19,0.00685677208908686,0.05,0.10176278091967106,131.1039932309941
341,11.790776816947618,True,22,0.00463716403601433,0.05,0.09634448054500601,131.47022564397776
342,13.86074819812493,True,21,0.004324742234127987,0.05,0.09878067264244669,131.89887156398618
343,17.411608409986364,True,12,0.003969834702638175,0.05,0.11466983457406361,132.08211848698556
344,15.105296919390094,True,18,0.008295551158822967,0.05,0.11642880717085467,132.31556740798987
345,14.708316574152558,True,19,0.009958873343576091,0.05,0.13110930041262978,132.62297735898755
346,12.1799768402474,True,21,0.011229811991911087,0.05,0.11889523906367165,132.8855960810033
347,15.693921231874263,True,17,0.005957724557290156,0.05,0.12046997994184494,133.07928809398436
348,17.345722386043054,True,12,0.004356411383103331,0.05,0.10100510033468406,133.22177228497458
349,12.874843606568174,True,20,0.0040210696750963,0.05,0.10633471524342894,133.4874073789979
350,16.999309823021758,True,13,0.0004288538456171942,0.05,0.11417261998240764,133.69916582197766
351,14.388308961503206,True,19,0.0023381733326928167,0.05,0.1111460555540888,133.96304939998663
352,17.399486232129856,True,11,0.0006110422913799402,0.05,0.11035578901117499,134.09733557899017
353,17.419171227844345,True,11,0.005420888245641478,0.05,0.13954868844964288,134.26400235499023
354,17.7280672197463,True,9,0.00391029909068745,0.05,0.1323772304587894,134.36545568000292
355,17.694576745212544,True,8,0.00378007615888426,0.05,0.1384869758039713,134.4553881829779
356,15.176700481900479,True,18,0.006501702070303483,0.05,0.1238190248194668,134.82756452998728
357,14.651773879234678,True,19,0.00433370968786706,0.05,0.13070761088870073,135.12037462499575
358,17.87092961659655,True,8,0.0035875615794209344,0.05,0.10201303055509925,135.31092262998573
359,17.209026100300253,True,13,0.0012638920789889152,0.05,0.12899680206408867,135.50910310499603
360,11.856654414604419,True,22,0.010285276424473078,0.05,0.10557624528353865,135.81739056599326
361,13.49298204765655,True,20,0.011359131249119248,0.05,0.12084163427352905,136.11056160597946
362,13.30407315904158,True,20,0.0007501083204110026,0.05,0.09382222713902592,136.3612840549904
363,12.895087292580865,True,21,0.0038913812406224935,0.05,0.1098246525618292,136.64489518100163
364,16.666739135282114,True,14,0.003152797237263416,0.05,0.13223357046289103,136.8321613689768
365,17.44824944814318,True,12,0.0003833422338136161,0.05,0.1244023023173213,137.0208607389941
366,14.960933851456502,True,18,0.01082681454126816,0.05,0.09499539797090822,137.322307230992
367,18.051882813638077,True,20,0.010898931501381215,0.05,0.11474171038717032,137.61205633697682
368,16.638024558336475,True,15,0.001503769471165206,0.05,0.10365489746133487,137.80497354298132
369,13.111265207559336,True,21,0.0040223223663101715,0.05,0.13142147873129165,138.10966104699764
370,15.375863843318076,True,17,0.0035964463322362694,0.05,0.10273625164785806,138.43215571300243
371,15.869676275900565,True,16,0.001564981587858283,0.05,0.11626159586012363,138.62507441898924
372,16.980456788640005,True,14,0.0033856658699895625,0.05,0.11316395896886076,138.86246507399483
373,16.417119106347673,True,15,0.0007015055986949736,0.05,0.10558708670238653,139.090678662993
374,13.152275605686008,True,21,0.029620209505690775,0.05,0.09776239194685504,139.37937323498772
375,15.474982187396382,True,24,0.0006266447235047101,0.05,0.11254822206683457,139.7580963439832
376,11.690208251372677,True,23,0.008770534174503242,0.05,0.1220137135166189,140.03348992599058
377,17.470760439522564,True,11,0.010593451133260698,0.05,0.10332112793218005,140.14388214898645
378,17.0943850022275,True,13,0.0011354841247527836,0.05,0.0969603626200786,140.37958988998435
379,15.479335739638918,True,18,0.008886920650029384,0.05,0.09727583856632312,140.66807963699102
380,17.659684660460336,True,10,0.0013440793471937024,0.05,0.10104100313037634,140.81361662398558
381,12.292639659927225,True,22,0.0044166444810810335,0.05,0.11592161587693474,141.08364352499484
382,15.071571816992945,True,18,0.0020543915520060962,0.05,0.12381124330891503,141.31154087398318
383,17.56850544605404,True,8,0.006164514343763236,0.05,0.1507064253091812,141.46103416397818
384,17.05623211283237,True,14,0.008559415209344196,0.05,0.13237181811460427,141.67676386699895
385,11.25317720659077,True,23,0.0007593439239310662,0.05,0.11376111484740091,141.9944511219801
386,15.95960544043919,True,16,0.0030023179309945913,0.05,0.14040806668344885,142.22723669197876
387,11.409437786100899,True,23,0.0039125998014297725,0.05,0.12408443337873272,142.5723228159768
388,13.453716312229517,True,21,0.014360580907379572,0.05,0.13009009652194523,142.9260564489814
389,13.815985113848,True,20,0.0005338216297300358,0.05,0.13656732775270938,143.1764823679987
390,17.002640595752744,True,14,0.00257021538651403,0.05,0.1417224153078028,143.3946071919927
391,13.525050242524594,True,20,0.005425131597637356,0.05,0.14811627939343452,143.66625146599836
392,16.95463136821054,True,14,0.024743002819725912,0.05,0.12035712174006871,143.8354048320034
393,16.146783114656138,True,17,0.0023070175397685855,0.05,0.14148442918325171,144.09309479399235
394,11.013008158456069,True,22,0.01895185854654169,0.05,0.11602242307906802,144.3558321110031
395,17.77126485259505,True,10,0.005002025664998133,0.05,0.09779588840901851,144.63341435597977
396,14.261062349600252,True,19,0.0014579576907244318,0.05,0.10021003747456952,144.89184051399934
397,16.183583130832268,True,16,0.0005073724994349438,0.05,0.13096835557371378,145.17932184398524
398,17.531779472762718,True,10,0.007449541338072435,0.05,0.15561845824122428,145.46632021199912
399,17.646367147192358,True,11,0.005627142486282016,0.05,0.1142822824079882,145.61645900798612
400,15.836371422791853,True,17,0.0026066953657356007,0.05,0.11042941887589063,145.81029397799284
401,12.524208964081481,True,21,0.008111077425350888,0.05,0.09978919086002168,146.10856300898013
402,15.096853829186875,True,18,0.0015490546201653022,0.05,0.1572046335786581,146.44871537899598
403,13.339765829895622,True,20,0.004998187006301724,0.05,0.11852976968511938,146.72365868199267
404,11.034907021695108,True,22,0.001075406650205113,0.05,0.12943773801353844,146.9870522839774
405,13.315754111669957,True,19,0.0032284030849256684,0.05,0.12754670158028603,147.27319074000116
406,15.959365538845304,True,16,0.02588396845845825,0.05,0.15599152445793152,147.62138485498144
407,14.262540800543501,True,19,0.01292918972287227,0.05,0.10751267532376867,147.88471134897554
408,13.191141595784575,True,20,0.003072940603122576,0.05,0.12529493905603886,148.11991098997532
409,10.452268120925874,True,23,0.014798444483148487,0.05,0.13018791798664175,148.4471773869882
410,16.65438412748044,True,14,0.004367775172945509,0.05,0.11594410772834506,148.6698668039753
411,16.86498871524818,True,14,0.009644214519887506,0.05,0.13863231720668928,148.84531528598745
412,12.80456246365793,True,20,0.005115036396395545,0.05,0.1315888799726963,149.13084696399164
413,13.20482788553927,True,20,0.004853668479471884,0.05,0.11184758394956588,149.42215149098774
414,10.402841827087105,True,24,0.010160400432994154,0.05,0.15951086223746339,149.7952942449774
415,15.351729068229906,True,18,0.013273400200493779,0.05,0.13484694270624054,150.04376370899263
416,13.856454815232429,True,19,0.007827595303405821,0.05,0.14756420764483905,150.26882303398452
417,15.117779450688976,True,18,0.0013517942037125086,0.05,0.1433952555267347,150.51658460698673
418,21.395896214758977,True,29,0.0018954812219224015,0.05,0.12343125783934675,150.91733832500177
419,11.478390236804263,True,23,0.01604127149420942,0.05,0.11351753819895827,151.17944331999752
420,16.809418017370625,True,14,0.007748994428532441,0.05,0.10900023406637567,151.39023609698052
421,11.71858288948424,True,22,0.006414962299597149,0.05,0.1137097596444867,151.733589312993
422,10.857302227336913,True,23,0.006415357994529192,0.05,0.12784993365083053,152.09145417198306
423,11.886592682590708,True,21,0.0035524939331332828,0.05,0.10648133836331822,152.46780617898912
424,17.042348348526865,True,14,0.0018784217726832975,0.05,0.1399573321853365,152.6766421069915
425,14.778517390275374,True,18,0.007729652484456839,0.05,0.1209108376254638,152.9482969160017
426,15.325333630619571,True,17,0.0012717589241112437,0.05,0.13703745187205427,153.2349692309799
427,13.453517050103983,True,20,0.0016382755819313033,0.05,0.1579921955242753,153.51492509400123
428,12.168802827835316,True,23,0.003591206242823386,0.05,0.14166080068958842,153.9301499389985
429,14.668601653160295,True,18,0.002992487920584097,0.05,0.13516523223370314,154.1440323079878
430,12.025647933088477,True,21,0.00032528706751167036,0.05,0.13785928292643457,154.57946942199487
431,15.210273451008833,True,17,0.011547798984426538,0.05,0.12078137564308503,154.887914602994
432,16.339760835579362,True,15,0.00044494247475423965,0.05,0.1352488958587249,155.09661611399497
433,13.990621421858668,True,18,0.005961287577385788,0.05,0.11532956837779945,155.5217694210005
434,11.683084882365074,True,21,0.004471677204329949,0.05,0.1321714794529336,155.77331007400062
435,14.835168068786151,True,18,0.006530660563526858,0.05,0.16098206655846703,155.9724561710027
436,13.596166453999468,True,20,0.0016783089525512773,0.05,0.13762840069830418,156.2142842899775
437,17.88460445308592,True,8,0.0017141331832545691,0.05,0.12874161172658205,156.30528274999233
438,15.571328968741,True,16,0.0034496913135299567,0.05,0.1572476999135688,156.56255683099153
439,17.054990875660586,True,14,0.009816455253449902,0.05,0.131077030540577,156.79063130298164
440,14.049251013761387,True,19,0.008372087826626795,0.05,0.1296322776102706,157.05062252900098
441,14.099391105747781,True,20,0.0007275403969067007,0.05,0.14414270631968976,157.29519759799587
442,15.640231890999711,True,17,0.005033269617342129,0.05,0.15652942701297648,157.59694302798016
443,14.562173106987029,True,18,0.002407813004599857,0.05,0.12972843026121458,157.86682010997902
444,15.814001079718581,True,17,0.004960657112801525,0.05,0.13273283400956323,158.07984026998747
445,16.12219647327843,True,16,0.0006386286734662017,0.05,0.15211132843978703,158.27311522100354
446,11.201308408845216,True,23,0.007526710213598187,0.05,0.1461141017144141,158.5737086009758
447,16.961760381271596,True,13,0.0020652706968430634,0.05,0.12347801273258832,158.74631547598983
448,11.949986280221491,True,22,0.008551856115052603,0.05,0.11617525404488499,159.06096919998527
449,16.998163640269194,True,13,0.0001996220001587723,0.05,0.13921953049989846,159.2775094859826
450,11.707305809832178,True,22,0.0031693308244316043,0.05,0.14192398806864565,159.65590557199903
451,13.31568281087093,True,21,0.004619291369481471,0.05,0.13403746831629956,159.97727389298961
452,16.181365613616073,True,15,0.002914446256505665,0.05,0.1223353996872902,160.17992873198818
453,14.309081769967452,True,19,0.003906566951451973,0.05,0.1088487978436445,160.45790380597464
454,12.792836705036462,True,20,0.0013040371092286618,0.05,0.1287626282311976,160.67974652099656
455,14.530186147033238,True,18,0.0017431914767487289,0.05,0.1287014881769816,160.87073517599492
456,11.171761421393603,True,21,0.019463360958899,0.05,0.1489240482804321,161.07979707498453
457,17.698196097591428,True,10,0.004098161390512937,0.05,0.10449241604655982,161.263606478984
458,14.003886490641161,True,21,0.005088492928144839,0.05,0.14176006934472493,161.6189728329773
459,16.85407057381235,True,14,0.016637386863601666,0.05,0.1302660381687539,161.83406004699646
460,17.347871393244713,True,11,0.012597600482822296,0.05,0.11995139887387102,161.97647663997486
461,13.315925117651933,True,21,0.002913484674584632,0.05,0.13572796478512741,162.32754908499192
462,10.65432469197549,True,24,0.003408954213855564,0.05,0.15026598214171827,162.69184469798347
463,16.339174692495725,True,15,0.0013184869999400828,0.05,0.12880227367083233,162.9205184239836
464,17.35103205544874,True,12,0.003896021032588709,0.05,0.16050794969002405,163.06383842398645
465,16.160179518541554,True,16,0.0013939505326551194,0.05,0.15308303199708462,163.27641533999122
466,16.721299183918745,True,14,0.002099757575183575,0.05,0.12049468739756516,163.49663536300068
467,11.76287389700301,True,23,0.0016290882421092778,0.05,0.1402039059802242,163.8040378279984
468,13.876684075756929,True,19,0.010499107066905822,0.05,0.12758805980219654,164.08568243699847
469,17.67321134491358,True,8,0.0006414762956909997,0.05,0.16759372176602483,164.2099657789804
470,17.223686411511153,True,12,0.005611131083004456,0.05,0.11365945482005675,164.37125541098067
471,17.63491889787838,True,9,0.007029650948883075,0.05,0.16855395978523624,164.5592618130031
472,13.451863903669073,True,20,0.006729887716974248,0.05,0.14544827491044998,164.85109392998856
473,13.469013767689466,True,19,0.009465388370768268,0.05,0.16150238012012683,165.12468998497934
474,15.432712320733117,True,18,0.0014405806551794909,0.05,0.1674802160511414,165.5176958029915
475,16.372125970420893,True,16,0.0026678075017848024,0.05,0.12136944197118282,165.77958956899238
476,17.359170958865434,True,11,0.020101464312328163,0.05,0.14173695715990933,165.98743732497678
477,16.959380209149096,True,13,0.0003018684541789274,0.05,0.19431672990322113,166.14189494599123
478,16.80415902317036,True,14,0.009762047014856612,0.05,0.18661660807473318,166.31749807699816
479,17.471866569819394,True,12,0.008649038263446346,0.05,0.15870734800895056,166.5293327049876
480,17.065815636725166,True,14,0.0033413312708039655,0.05,0.18020227764334,166.7297008659807
481,14.909773716575,True,18,0.029475925974188077,0.05,0.15335039980709553,167.00970353698358
482,17.302173694362864,True,12,0.008337966964792026,0.05,0.13570039657255015,167.15886993298773
483,16.393517328990857,True,15,0.007433934822121124,0.05,0.1272085253149271,167.3412810189766
484,11.693863085086923,True,22,0.0009794782147156678,0.05,0.15969465114176273,167.78596153500257
485,17.445583760408773,True,12,5.0131620183052616e-05,0.05,0.1218764732281367,167.98881071899086
486,17.67538718803553,True,8,0.0033411782458236255,0.05,0.139691315125674,168.1090752989985
487,15.245847151317866,True,17,0.01042560611198784,0.05,0.18749958189094768,168.35904020399903
488,17.458756451797672,True,11,0.0011829262234906712,0.05,0.17099328847094017,168.5482074820029
489,17.626056764222447,True,11,0.003777613505469249,0.05,0.1464305936612866,168.6816626029904
490,16.231000320136083,True,16,0.0027759133420998117,0.05,0.1439859593519941,168.87114122198545
491,16.92140717586735,True,14,0.004118664198556443,0.05,0.1568601413496903,169.07143726898357
492,16.606157421111128,True,14,0.00476337254086448,0.05,0.13970699720084667,169.28783744300017
493,16.454015142191203,True,15,0.0026554994141333443,0.05,0.09706994183361531,169.51290836097905
494,15.051304776157485,True,18,0.0005356549015839707,0.05,0.15806183922621939,169.83271688898094
495,17.496711096493527,True,10,0.00708205885796262,0.05,0.15274722948670388,169.9783136129845
496,17.554574351315388,True,11,0.004935368835773238,0.05,0.14825903793627565,170.11863114099833
497,16.892321742884814,True,13,0.015806920910816397,0.05,0.14047195074649957,170.323783128988
498,17.02955622249574,True,14,0.006866984272679372,0.05,0.18909400275775365,170.55171592498664
499,17.864913844247347,True,8,0.005407677800127044,0.05,0.1958247246220708,170.64425174400094
500,15.789623881014995,True,16,0.0052962543253331495,0.05,0.1390252849087119,170.8606888219947
501,12.79668211452663,True,22,0.004313290253993851,0.05,0.19418020529503172,171.15878558298573
502,12.712575747247321,True,20,0.003934173939920016,0.05,0.12774726329371333,171.52994609100278
503,17.95349855720997,True,8,0.005812680292958783,0.05,0.1674492156598717,171.7010773869988
504,17.549307499174027,True,8,0.008234965424904483,0.05,0.16151307430118322,171.83162462498876
505,14.866914428572636,True,19,0.0025078142077847865,0.05,0.1654390573109451,172.2021401480015
506,16.508717487263493,True,15,0.010540356509243676,0.05,0.1194031241039435,172.43814520997694
507,13.463939943839796,True,21,0.002872641449752966,0.05,0.14902531142745698,172.728851294989
508,17.66426583500579,True,8,0.004606862665565146,0.05,0.13027762295678258,172.8247400559776
509,13.31856545470655,True,21,0.010075409663631518,0.05,0.15736800263680162,173.15764451297582
510,11.921038877964019,True,22,0.017469615983418896,0.05,0.15396156162023544,173.53923779798788
511,13.97711124329362,True,21,0.005217253798709409,0.05,0.12424730128120809,173.988006553991
512,12.00713260001503,True,22,0.0025859449753137254,0.05,0.15405946707522328,174.31559540898888
513,16.00578197105788,True,16,0.00030448461110366143,0.05,0.17008108587469906,174.63052459797473
514,16.594433979783208,True,15,0.005769626952461582,0.05,0.15260323286056518,174.8757151250029
515,14.442642647342291,True,19,0.007832894268970159,0.05,0.13613496652167095,175.19780859697494
516,16.502475481294095,True,15,0.009648641401704405,0.05,0.21601693133513133,175.6097801089927
517,15.312422539293767,True,18,0.00623775669812382,0.05,0.1444437765619821,175.86920189499506
518,11.29161332679214,True,23,0.0009669481468994601,0.05,0.1639752671446489,176.23711395199643
519,14.373386122193187,True,19,0.0023300254445745017,0.05,0.15611422552089943,176.56323934998363
520,13.777892534411512,True,20,0.0027979499369107375,0.05,0.13687102869153023,176.8428954789997
521,17.045765660871986,True,14,0.00042661835064849996,0.05,0.17418268642255239,177.0594059599971
522,13.984612623532303,True,19,0.006011383778888435,0.05,0.15881469884985372,177.35026335099246
523,17.23100583809428,True,12,0.0026030268922844213,0.05,0.16123957031716904,177.56156025099335
524,13.23970897081308,True,20,0.0022833824334665964,0.05,0.14431081479415298,177.88217122899368
525,16.97615249445662,True,14,0.010574262028431786,0.05,0.18401891711567128,178.07353242498357
526,11.694846937246622,True,21,0.011853335308553814,0.05,0.16116834768936747,178.43811334698694
527,10.464835585188121,True,23,0.016600562280823516,0.05,0.17464945497720138,178.80032105799182
528,14.914908489002846,True,18,0.0015251304674016586,0.05,0.1911057722237375,179.03394287399715
529,16.477935503050684,True,15,0.009341846308027035,0.05,0.15871809050440788,179.23937150699203
530,16.473413288785377,True,16,0.004369170796638289,0.05,0.1892251493409276,179.49074604199268
531,16.170200761081652,True,16,0.0026707816557262065,0.05,0.13453232450410724,179.70851488699554
532,17.03336276654154,True,13,0.004628165934191408,0.05,0.18136828679304856,179.86126713900012
533,16.911602683563252,True,14,0.0032668648499559194,0.05,0.13841399044862815,180.06141118198866
534,9.298302463884465,True,26,0.004302883386968048,0.05,0.14915184225313938,180.49215074599488
535,14.951260364474729,True,19,0.007600084270627028,0.05,0.17327353554336647,180.79867498399108
536,17.723198597389274,True,8,0.007251309522435731,0.05,0.1598189463838935,180.9349099789979
537,14.231614314171019,True,20,0.000656895984998962,0.05,0.16611763034015894,181.20263985000202
538,14.331413236260413,True,19,0.0026819653778568098,0.05,0.14944817008156525,181.4853723809938
539,14.031296784244478,True,20,0.002613511674079305,0.05,0.1409080533310771,181.83530228797463
540,11.214485318493097,True,23,0.005607259868536274,0.05,0.16368009449671145,182.15407092598616
541,17.626469621877185,True,11,0.0019883238513436763,0.05,0.130605452101339,182.32556952699088
542,14.026035954599502,True,18,0.004162848489944304,0.05,0.17112898640334606,182.6482962719747
543,11.193780030652125,True,22,0.005141329475417233,0.05,0.15670900161124088,183.23077741498128
544,13.701269154494366,True,20,0.0022538090264511146,0.05,0.1474635299295187,183.57007475799765
545,17.653168562939392,True,10,0.003954334963478176,0.05,0.18937168270349503,183.71324895997532
546,17.3153437599889,True,13,0.0011950158691844126,0.05,0.15785515709565237,183.8953191729961
547,12.508402763796038,True,21,0.008196583768998122,0.05,0.1555041897864569,184.22749539098004
548,15.230146919097752,True,18,0.0046371579447284095,0.05,0.15275484623594415,184.5414752989891
549,17.575445803618642,True,11,0.0004288604618234021,0.05,0.15307638252323325,184.71487650598283
550,17.64502873062156,True,9,0.006144015629781022,0.05,0.1718573056989246,184.85773027097457
551,13.822105658520012,True,19,0.006270738090395467,0.05,0.1738346948435432,185.1435051089793
552,14.50710895769007,True,19,0.0072494980894511896,0.05,0.17549684398660534,185.50795516898506
553,11.098939165612684,True,25,0.0023632865227166677,0.05,0.14858287021517755,185.98652256198693
554,11.740425817575305,True,21,0.0076616309310588715,0.05,0.16868817061185837,186.30384765798226
555,15.227763889794005,True,17,0.0002925956847965594,0.05,0.17297770082950592,186.5830315319763
556,15.510000860365107,True,18,0.0006384935715995632,0.05,0.17291475563413566,186.90909013999044
557,17.87720404040592,True,8,0.0007467958039440135,0.05,0.1471083217766136,187.01781194697833
558,17.385186408716255,True,12,0.003887805573897951,0.05,0.14153012509147325,187.19732406298863
559,17.669716527150012,True,8,0.0032441895987542196,0.05,0.138345321174711,187.30582584498916
560,12.44656602803152,True,22,0.008716719969848907,0.05,0.17278032199564305,187.6589417909854
561,15.370399466948584,True,17,0.00341225646631943,0.05,0.17180263864643433,188.00073362299008
562,13.80004091761075,True,19,0.003659548385988365,0.05,0.14374143943974846,188.4044421360013
563,16.452931669913234,True,16,0.006492226074922419,0.05,0.13393887819256634,188.66631600199617
564,16.706985017228362,True,14,0.011278294731720206,0.05,0.1651254812521594,188.88305933499942
565,16.58196380101144,True,14,0.002861855618763287,0.05,0.11448779569140502,189.10702660499373
566,15.227303561236475,True,17,0.0018804097346811766,0.05,0.18175093917285695,189.40579584997613
567,11.068307182070566,True,24,0.011200344981316612,0.05,0.1569900820031762,189.79942719399696
568,16.845818615460303,True,14,0.0008966828049822573,0.05,0.15998039926801408,189.9978502029844
569,17.661267079148093,True,9,0.002093591122459687,0.05,0.1906563031176726,190.12015428498853
570,16.735172462509944,True,15,0.0070205059171311035,0.05,0.151886219282945,190.34023620499647
571,13.146930675953627,True,20,0.00466994191561132,0.05,0.13672832511365413,190.72157431798405
572,17.748726113245358,True,8,0.0005155987359955969,0.05,0.14071359764784575,190.84603524999693
573,15.064300760766491,True,17,0.009934305717407332,0.05,0.19814177777837305,191.08622943097726
574,13.950102316001722,True,19,0.0030832998523494526,0.05,0.12685359651712994,191.35026416898472
575,17.7735792275751,True,8,0.009413581085302814,0.05,0.11638489458709955,191.51675431299373
576,12.737791342911077,True,20,0.006105378792661931,0.05,0.16192004978656768,191.79434853198472
577,17.34176459388691,True,12,0.002369013924582719,0.05,0.11676026376274724,191.9832012479892
578,13.975175773736556,True,19,0.0002973509764337967,0.05,0.14459106453547352,192.35407153199776
579,16.609566568164155,True,14,0.006811645924271914,0.05,0.1703939964728696,192.60906694899313
580,17.876865630131213,True,8,0.007447391319083398,0.05,0.1632477603852749,192.73555243198643
581,17.69727924927138,True,9,0.00234654481581148,0.05,0.1968332545624839,193.00138509299723
582,13.138679384160787,True,20,0.008956180512554646,0.05,0.16631359504535795,193.80795170000056
583,17.153823014046065,True,12,0.0008594148215895214,0.05,0.18632276418308416,194.2341379429854
584,12.263515684567391,True,22,0.009580059424971421,0.05,0.15892850336703387,194.7537657719804
585,16.951360744785053,True,14,0.012325411902148475,0.05,0.20020571244614466,194.9634901759855
586,13.974638376419898,True,20,0.004081701895687462,0.05,0.13722089109942318,195.2595691869792
587,16.59019526676275,True,15,0.0027137460620423326,0.05,0.16815027619401615,195.4896430139779
588,14.675175613863393,True,19,0.0036006250824940356,0.05,0.18069566433366976,195.8873300239793
589,11.149200292211026,True,23,0.008402175382144828,0.05,0.14209312710749067,196.25701956197736
590,11.821132442331873,True,22,0.0030900202399444243,0.05,0.1778541596775705,196.64017056897865
591,17.484185442258603,True,10,0.005192033052254075,0.05,0.21402022391557693,196.86126348297694
592,16.366346633108332,True,16,0.009117020675603493,0.05,0.1502621448598802,197.35091569498763
593,17.3444234885741,True,12,0.0037024646435738773,0.05,0.1859252837797006,197.5815704939887
594,10.948679332219761,True,23,0.003450304811622229,0.05,0.19508797707765,198.01462858897867
595,15.445298505065146,True,17,0.0012515538469821674,0.05,0.20444703014457927,198.42497306800215
596,16.221099998534193,True,16,0.0011258580004659402,0.05,0.1733326567336917,198.74727907500346
597,16.793890357110648,True,15,0.008485340485882953,0.05,0.17793031881252924,199.09248400098295
598,11.210571403009817,True,21,0.00788515474251028,0.05,0.14644573460377397,199.37869080499513
599,16.996469500591047,True,13,0.006097709851944244,0.05,0.15213713938227066,199.61251621998963
600,17.565636845515108,True,8,0.005757979354265544,0.05,0.17127996031194925,199.71740001399303
601,15.400989061780272,True,18,0.0031449020977464825,0.05,0.18645182955596182,199.9625992589863
602,12.790812753466888,True,20,0.009640130477232778,0.05,0.16525375805795192,200.2369474709849
603,15.864473939669551,True,16,0.00012671770368599677,0.05,0.1800556833622977,200.46180685798754
604,11.746115148207174,True,22,0.0058636321851252005,0.05,0.16574092200872573,200.79735276897554
605,14.97599557803478,True,17,0.010474051176710408,0.05,0.17710827619713895,201.08987236698158
606,12.663355268369196,True,22,0.0034273516196776654,0.05,0.18876475375145674,201.41207389900228
607,13.37743044393137,True,21,0.004312787320438605,0.05,0.16301242182297365,201.7502086359891
608,15.815822249476332,True,17,0.0015832754269718419,0.05,0.2076151695321588,202.0128493749944
609,17.552942257151063,True,11,6.079035839073876e-06,0.05,0.19450155103748495,202.1684366479749
610,17.65968466331251,True,10,0.0011668998937932468,0.05,0.14648421462625266,202.2981881699816
611,16.541409084363842,True,14,0.005396686412781848,0.05,0.20541417944644177,202.55894037199323
612,11.639839958323865,True,21,0.010640112173322835,0.05,0.15364902120615756,203.38829300299403
613,11.324775858875364,True,22,0.006019465007863656,0.05,0.16762872971594334,204.74761330199544
614,15.997263937606476,True,16,0.004705644666743503,0.05,0.22249051416292787,205.59926753799664
615,14.90002779122442,True,19,0.0023861310162965332,0.05,0.1777156265942674,206.39103073900333
616,15.194156355271115,True,18,0.004484054129617943,0.05,0.14206008509629303,206.93788367899833
617,16.69324420148041,True,14,0.004567914119543326,0.05,0.2118193076125213,207.11549990798812
618,13.433959466358647,True,20,0.003297560005710909,0.05,0.19625133723020555,207.3575534739939
619,11.060257357744558,True,23,0.003471292990008812,0.05,0.15875094424447286,207.69340818497585
620,14.390991678810678,True,20,0.009890651945443585,0.05,0.1694034341722727,208.05060859100195
621,17.60698141150642,True,8,0.007002907126254331,0.05,0.16323063685558736,208.15270908398088
622,10.57399501032196,True,23,0.004478497531118397,0.05,0.1723525736318982,208.4616086909955
623,17.628270620509284,True,9,0.0008215491650162415,0.05,0.16926785786118773,208.58790903998306
624,11.310457552422303,True,22,0.008200199151358945,0.05,0.18125495958057317,209.09452111300197
625,17.27825712080812,True,12,0.007764027175847593,0.05,0.18952605624993643,209.4524327099789
626,14.719031629094388,True,19,0.015433972136994822,0.05,0.20777567279966255,209.81139543798054
627,11.93224860971677,True,23,0.0017294136292019813,0.05,0.1774580137723166,210.12204686697805
628,17.447146122786215,True,13,0.004706190784560846,0.05,0.1594973046046037,210.29171219098498
629,14.771119299018755,True,18,0.006804890682362397,0.05,0.1859928753433956,210.5404789049935
630,12.303904578415677,True,21,0.016969710062044396,0.05,0.16670014358879554,210.9440403659828
631,14.31558022518875,True,18,0.0009519499053580738,0.05,0.16275179758667946,211.19814485299867
632,11.581147066131233,True,22,0.005624738344377933,0.05,0.18006750374016436,211.69883998000296
633,17.09585526292212,True,13,0.007698676463245152,0.05,0.15883850893722132,211.9151483939786
634,11.444551926595159,True,23,0.03621806977222819,0.05,0.17068302760953488,212.34422227699542
635,13.02518636812747,True,19,0.006131442124143072,0.05,0.1755131973247779,212.6401985519915
636,16.575381634617223,True,15,0.004217711407026814,0.05,0.1910732939839363,212.8879267339944
637,15.928618796449154,True,16,0.011201833164965258,0.05,0.16202600090764463,213.14749941197806
638,15.171454104536679,True,17,0.01815475708122888,0.05,0.17752211935379925,213.40511194299324
639,13.826389072538586,True,20,0.0008296474583788793,0.05,0.2091816312633455,213.80026504199486
640,15.706221460551022,True,16,0.0037412136789525263,0.05,0.16955918539315462,214.2678230839956
641,21.208179117040707,True,27,0.016459404301222225,0.05,0.19165025375507497,214.80320712699904
642,11.49142839194974,True,23,0.0008984671889075146,0.05,0.20247659079082633,215.14890484997886
643,15.366522354912012,True,17,0.015829287304799877,0.05,0.20595835105461233,215.5892256939842
644,16.90544425607659,True,13,0.013096199435684103,0.05,0.20588001723472887,215.85093647998292
645,13.810175382325543,True,19,0.006965965452608636,0.05,0.17328204944925873,216.16732306597987
646,10.884450501331594,True,22,0.0006988649779462452,0.05,0.16728459163145584,216.5571139099775
647,17.587462653666442,True,8,0.0068463645910635425,0.05,0.22729732003062963,216.7044835969864
648,16.537968322262167,True,15,0.00010123802224548673,0.05,0.16756896128257115,216.91605833198992
649,11.435058195644524,True,22,0.011432389882632288,0.05,0.1860191538421945,217.22101953800302
650,17.178043240960687,True,12,0.005344296184545183,0.05,0.19469536654651165,217.38658342100098
651,13.02265670793713,True,21,0.008030115829956164,0.05,0.16240200497919605,217.76149576998432
652,16.418985385028645,True,15,0.007966900415852685,0.05,0.1812685400247574,218.03474984900095
653,15.248095524474046,True,17,0.0040148778854902645,0.05,0.19733357166542725,218.27599756600102
654,13.7912979737157,True,20,0.01481329655190522,0.05,0.16893295608460904,218.6355993670004
655,16.71145360916853,True,14,0.008486130966548433,0.05,0.15584250526236637,218.88863950700033
656,14.023097204661463,True,19,0.0048303736152276455,0.05,0.2056968576813999,219.2129123439954
657,15.574235206341836,True,18,0.011737908552545917,0.05,0.17719963689645132,219.4792013829865
658,17.141704333294182,True,13,0.008263777254379878,0.05,0.169731182547716,219.71190156799275
659,17.181630869570654,True,12,0.004992243978993116,0.05,0.18605029551933208,219.8937060109747
660,15.868832626624497,True,16,0.009259463372543353,0.05,0.16665178653784096,220.13215898998897
661,13.117163574462756,True,19,0.008362041851819657,0.05,0.15636560879647732,220.37230697399355
662,14.505643546103965,True,18,0.002908510647558038,0.05,0.1698734595750769,220.60178967099637
663,12.530788537487387,True,20,0.009674774888592585,0.05,0.23089748667553067,220.89515507797478
664,16.749303795129528,True,14,0.01271998426995019,0.05,0.16054459381848574,221.126537403994
665,15.903283582767472,True,16,0.00167043128275568,0.05,0.15188348793890327,221.33782620498096
666,14.593913636449724,True,18,0.0007241368176132967,0.05,0.19705571441186798,221.56315659999382
667,10.892914454307174,True,22,0.004427430868699678,0.05,0.18283890729600732,221.85282956197625
668,16.2052716774866,True,16,0.002019309717392115,0.05,0.11952639976516366,222.02508295097505
669,17.1256040496286,True,12,0.01655189097380058,0.05,0.128371877130121,222.15526106298785
670,13.604521708842366,True,19,0.014470438369537653,0.05,0.17297905673714062,222.53807656597928
671,17.386553336691577,True,12,0.0013176124935341121,0.05,0.2143750892331203,222.70236660397495
672,11.6617747342214,True,27,0.013961931532983196,0.05,0.1713030371401045,223.17783242100268
673,16.00593382669613,True,17,0.009630764435625494,0.05,0.1645078076159253,223.45414750199416
674,17.180414748148177,True,12,0.008089454491848835,0.05,0.153406102831165,223.618711358984
675,17.311108395666814,True,13,0.001520812541385752,0.05,0.18349334884148377,223.8445297939761
676,12.802035643917044,True,20,0.005279325275498903,0.05,0.1956055924296379,224.12275561099523
677,17.624209443957078,True,8,0.0038246448778391814,0.05,0.12724094837903976,224.22168614898692
678,13.633435143809765,True,20,0.0015644340790305078,0.05,0.17264787219464778,224.4488715530024
679,16.938040518620983,True,14,0.0006072525641900584,0.05,0.18521421083382197,224.67548178500147
680,12.419571583368814,True,22,0.0032694415337090055,0.05,0.1652195668694648,225.0745265489968
681,14.71556647401303,True,18,0.011907768080919867,0.05,0.15482417457840508,225.3506345039932
682,10.945921324752272,True,23,0.011778980674674533,0.05,0.1791484002833781,225.78207427499
683,17.772297710576094,True,10,0.003341153118465112,0.05,0.18465269394218922,225.91255911599728
684,16.945394240721363,True,14,0.00383640540251326,0.05,0.17096530167119844,226.06733076198725
685,16.587088867442798,True,14,0.007662923161187024,0.05,0.18552799469658307,226.22853530399152
686,17.353253498178674,True,12,0.014810775203264459,0.05,0.17004940348366895,226.36886706299265
687,14.447831534966827,True,25,0.014176622225806845,0.05,0.2094559444487095,226.67316410600324
688,15.37089179154136,True,16,0.00027477213521293065,0.05,0.20535697718150914,226.91989162698155
689,17.59360614581965,True,10,0.008779926087988194,0.05,0.23515422865748406,227.0904711280018
690,15.954620127007367,True,17,0.0023690764763224514,0.05,0.19841632005922935,227.29730791397742
691,12.294034845312126,True,22,0.006710353143339232,0.05,0.15824133377860894,227.64084791200003
692,15.364932487257466,True,17,0.0021937514346949127,0.05,0.2106424868106842,227.93817569199018
693,16.458998259855434,True,15,0.008844580020282933,0.05,0.1839684672653675,228.20281782897655
694,12.829934157204116,True,21,0.0006333859945657494,0.05,0.17038858469043458,228.51280927599873
695,17.483174198167397,True,9,0.002954899320022901,0.05,0.15548196103837755,228.63337769100326
696,15.671159789338708,True,17,0.01985418113794718,0.05,0.1914878333096995,228.87889216199983
697,20.064393021399155,True,18,0.0030341885345503417,0.05,0.1473327119731241,229.0797471079859
698,16.600281147728673,True,14,0.0021595526538036314,0.05,0.14647607465407678,229.2768207869958
699,16.236457453016193,True,16,0.006514866560325239,0.05,0.19780774600803852,229.49251496899524
700,15.170387033093721,True,18,0.00814814855404683,0.05,0.16565089010530049,229.71740688898717
701,16.51930286679417,True,15,0.003056174703822856,0.05,0.1549695019920667,229.94491163198836
702,13.90574368762318,True,19,0.0024720237019415503,0.05,0.16467891594297007,230.27176026499365
703,13.419455667596775,True,19,0.0015365061506171784,0.05,0.2292240050278212,230.53676464699674
704,15.992144929693312,True,16,0.010200043081259935,0.05,0.15700405230745673,230.73689688299783
705,17.475336350733414,True,11,0.007936472263792071,0.05,0.18145923113281076,230.8986633209861
706,14.675868001789784,True,18,0.0009675229755707337,0.05,0.1808677708937062,231.1472608219774
707,15.034033706481567,True,17,0.0014428272184159874,0.05,0.14959024692721226,231.34771349999937
708,17.463386910269037,True,11,0.0019730183883116398,0.05,0.16204215670851144,231.51249111499055
709,17.55588769619353,True,8,0.007755683419876938,0.05,0.18568225298076868,231.6236426209798
710,13.590856030452414,True,26,0.01538833676387441,0.05,0.17224991751404908,232.00393509698915
711,16.449690851615742,True,15,0.005191012367380343,0.05,0.18439344565073648,232.19900250100181
712,12.753283273399575,True,22,0.006832762472464005,0.05,0.19853317839178172,232.55953300598776
713,12.457828475575662,True,22,0.009214266415595529,0.05,0.15142116390845992,232.87582467598259
714,14.993915744964033,True,18,0.003881988803519809,0.05,0.19185243422786394,233.12578124698484
715,13.768871372280408,True,20,0.000461472345886782,0.05,0.18861043639481068,233.366316738975
716,17.430157706071622,True,11,0.01026910145861104,0.05,0.22703902423381805,233.5329060810036
717,11.974745558202267,True,22,0.01417479050920567,0.05,0.17783500110222536,233.8592954139749
718,16.61410132800229,True,14,0.00654814943762172,0.05,0.1828775413866554,234.10726693697507
719,11.89903858783655,True,21,0.012112746603185731,0.05,0.18974440846414792,234.38746169098886
720,20.46879505693214,True,15,0.008267964332531321,0.05,0.18149457226196924,234.58817069997895
721,17.614609807764644,True,11,0.006103043845701192,0.05,0.1810015534812754,234.78670143798809
722,10.016936852107756,True,24,0.010120999248610207,0.05,0.20047384422893325,235.0737906539871
723,11.841762056481095,True,21,0.013434636531223565,0.05,0.16458526173872606,235.4541622409888
724,12.9309579516761,True,20,0.0022280025161747208,0.05,0.21000508731231093,235.73808286097483
725,11.694480598822702,True,21,0.004644640872964678,0.05,0.2057659864603054,236.03901450999547
726,15.426277717854827,True,16,0.007791972963089644,0.05,0.18437476619146764,236.29779488500208
727,11.715073446917813,True,23,0.022833386641693987,0.05,0.19168163455374862,236.6331602409773
728,17.768958179443143,True,10,0.0013635648127106187,0.05,0.17341163009405136,236.78749394899933
729,17.58905919464305,True,8,0.004512829965843419,0.05,0.22474356973543763,236.90122857797542
730,16.371149404930108,True,15,0.001440494913886592,0.05,0.182328562438488,237.11812141200062
731,11.878781392611563,True,21,0.0024365988299126506,0.05,0.18934993428133784,237.33752976197866
732,13.06634686505422,True,19,0.0024225187086731603,0.05,0.19101777751194804,237.59797514497768
733,16.957984427781774,True,13,0.006207555813550203,0.05,0.17671248846902296,237.79707425300148
734,12.164206603495403,True,22,0.004055437480778079,0.05,0.1708309817212549,238.08258647299954
735,16.07505147323245,True,16,0.0009751477609182269,0.05,0.1683353476691991,238.2603422109969
736,14.958519737853202,True,18,0.0042646226221930705,0.05,0.17190396495991284,238.5541607689811
737,16.356669210645485,True,15,0.00015218896966717743,0.05,0.19785954803228378,238.92557963798754
738,17.329532235721125,True,13,0.0012898822686998046,0.05,0.1929698993380253,239.24281732999953
739,17.207182012312114,True,12,0.013566701317521884,0.05,0.1738996411052843,239.4848991179897
740,10.889860704820604,True,22,0.012915715053637755,0.05,0.19428812339901924,239.8901679229748
741,12.952819233224727,True,21,0.010337502520535446,0.05,0.18632107440914428,240.1728953970014
742,13.563109659188193,True,19,0.00521092484411545,0.05,0.18762021727467837,240.45120231699548
743,10.769092789664866,True,22,0.016355540024199478,0.05,0.2044505850327286,240.7924521129753
744,17.68657342053484,True,8,0.0024889342930090475,0.05,0.24758519604802132,240.91207647998817
745,17.677315160632133,True,8,0.011381993396233043,0.05,0.1607279167510569,241.06168919897755
746,16.490050583163974,True,15,0.007269038117859006,0.05,0.18519618834058443,241.39064455599873
747,17.531906946760138,True,11,0.0024217801388298488,0.05,0.2140513611110774,241.54948462999891
748,15.131795696774496,True,18,0.0024420397357886037,0.05,0.18739313508073488,241.84400397900026
749,14.182517450861633,True,19,0.00487824265917669,0.05,0.14877226144859665,242.06616677498096
750,15.791806957370136,True,16,0.010176512505818913,0.05,0.1786495316773653,242.24669826199533
751,16.491154152038508,True,15,0.004336333626814848,0.05,0.14550905128320057,242.4162952810002
752,15.266619790485128,True,17,0.013038098084441285,0.05,0.1387865670463618,242.61716071297997
753,17.527215377334507,True,8,0.005495576393460273,0.05,0.21075286529958248,242.7175529729866
754,15.845183581105085,True,17,0.001233521656645642,0.05,0.21764017378582673,242.96786089098896
755,15.296792424627347,True,17,0.0021414584503828826,0.05,0.215621248983285,243.18259925799794
756,16.659024961083198,True,14,0.007893908127670712,0.05,0.19626222337995256,243.37009861698607
757,11.050719668739475,True,24,0.02159690344290277,0.05,0.2169978931779042,243.8483585549984
758,12.033589638082775,True,21,0.0035263114908562487,0.05,0.1740039802555527,244.2869535299833
759,17.75599092625489,True,9,0.007408690237833596,0.05,0.10305224234859149,244.40316096899915
760,16.020991916023192,True,16,0.01209769532779903,0.05,0.19334222772158682,244.63076734598144
761,13.933629616396502,True,19,0.0035424261483602004,0.05,0.16808571235129707,244.89198412798578
762,11.816136028582696,True,21,0.0033017412811340296,0.05,0.1721842194508229,245.13588904499193
763,13.654185031936503,True,19,0.003008733150758225,0.05,0.1833465797336478,245.50960900299833
764,12.530226582527394,True,21,0.004501357991736232,0.05,0.19523145648695173,246.2238081599935
765,10.998920922027901,True,22,0.004398920410399021,0.05,0.1704421409151771,247.49661982798716
766,14.51729622813873,True,18,0.0017432420525812509,0.05,0.17559102974418137,248.16760202599107
767,11.266525504662422,True,23,0.007088810587157712,0.05,0.1628862748975339,248.7193084359751
768,13.04925909023732,True,19,0.003975959807910656,0.05,0.22727092747625552,249.26748580799904
769,17.035002161934973,True,13,0.004783078105826011,0.05,0.18940856135808504,249.6512986989983
770,15.21343309795484,True,18,0.008726132542718368,0.05,0.1721244507158796,250.11478026898112
771,17.37056229407899,True,11,0.014482740953816714,0.05,0.17188422500409864,250.37287347199162
772,17.329187083255967,True,13,0.008764263015145324,0.05,0.14977616300949684,250.74627477198374
773,14.068243616004475,True,19,0.011085314502076282,0.05,0.17136534381853907,251.326648835995
774,12.021944495872594,True,29,0.0018150786425135124,0.05,0.17705505617476744,251.84603313799016
775,14.02274022353813,True,19,0.004790712497935945,0.05,0.1733535387014088,252.54265121597564
776,17.013164956646506,True,13,0.0041159126822322145,0.05,0.21257711832339948,252.87742672598688
777,13.72554126761388,True,20,0.0019494651631005722,0.05,0.15821381518617272,253.21641295898007
778,15.176530043547974,True,18,0.002106289114149562,0.05,0.20568152103159162,253.66205921798246
779,13.991203314776067,True,19,0.001395380580785699,0.05,0.17594952293132482,254.20181484500063
780,15.770401455872342,True,17,0.0005683935115741723,0.05,0.1874116334845038,254.75702183699468
781,11.905643518595026,True,22,0.00923175348259564,0.05,0.16895137380131267,255.13405842499924
782,17.508586706465575,True,10,0.006241966407929442,0.05,0.2025695877149701,255.28778498698375
783,17.1902651774697,True,13,0.004036057851406816,0.05,0.20008274225088266,255.74904678299208
784,11.208181014127332,True,22,0.006554866574846607,0.05,0.16905701473693957,256.17447696698946
785,16.823442329652607,True,14,0.008859782922328086,0.05,0.18845621629485063,256.3465506399807
786,14.470777584053575,True,18,0.009113574766593247,0.05,0.20080377534031868,256.6866590769787
787,16.265845749814254,True,16,0.0034577293872848913,0.05,0.16805946652311832,256.9527059849934
788,13.923703698909957,True,20,0.002050956606246046,0.05,0.18458716506138445,257.2693669689761
789,17.089061735011637,True,12,0.008173659283659873,0.05,0.18001736886799335,257.5129303459835
790,15.160708130558486,True,18,0.001196922542114065,0.05,0.16871076222095224,257.87938330098405
791,17.400899369292894,True,12,0.004633159526935188,0.05,0.20595592508713403,258.0773771389795
792,16.45882257227786,True,15,0.007012220755795773,0.05,0.16486093426744144,258.2704142519797
793,12.153224974412296,True,22,0.006156624912203923,0.05,0.1763765159147707,258.591938447993
794,10.591091315820814,True,24,0.008269273319156167,0.05,0.19041880313307047,258.97845592998783
795,16.491303634671205,True,15,0.0050218867184681215,0.05,0.19284809331099192,259.3320749689883
796,10.898579845666246,True,23,0.003254249896714745,0.05,0.1683387147343677,259.86524172200006
797,13.775974849518388,True,20,0.011851242558310604,0.05,0.17673913799226285,260.1833634899813
798,15.82270339934621,True,16,0.007230898643092898,0.05,0.20837738213595003,260.4129401049868
799,16.142581669054927,True,16,0.0022629098828793603,0.05,0.21737631736323237,260.67241498598014
800,15.644265662645921,True,16,0.01983264671784396,0.05,0.17518298118375242,260.90154684497975
801,16.48844136532862,True,15,0.007463699068415819,0.05,0.1971253916621208,261.1384602850012
802,13.057394707389175,True,20,0.014538855182535504,0.05,0.18641051985323429,261.4583102699835
803,17.311123553616927,True,12,0.004667882741537233,0.05,0.26146876501540345,261.62910638199537
804,13.443905940745026,True,20,0.013496018928377151,0.05,0.18283721171319484,261.93036922698957
805,13.852914547658292,True,20,0.0002713981455060299,0.05,0.2049831973388791,262.1501076029963
806,16.323336170078257,True,16,0.00367561389982346,0.05,0.1822226345539093,262.3314958489791
807,14.333405117597431,True,19,0.007742005889481485,0.05,0.17141618069849515,262.63594949498656
808,17.862879195064306,True,8,0.005442546827237742,0.05,0.1622581910341978,262.7855531729874
809,10.855975884338841,True,23,0.012540430457191665,0.05,0.18764715755115385,263.14450550600304
810,10.73923143017455,True,23,0.010602346694413844,0.05,0.190916720210858,263.4213651259779
811,10.688909471442457,True,23,0.008135724992280546,0.05,0.17968926181935746,263.8381157909753
812,11.05899710645899,True,22,0.007576189836687952,0.05,0.19341299411925403,264.19639073798317
813,17.314433248131536,True,12,0.0018629585679713623,0.05,0.2002459061332047,264.36352653897484
814,13.4665451887995,True,20,0.008185758206731397,0.05,0.13391374023631214,264.7241952899785
815,13.16581009652,True,20,0.009355314699918016,0.05,0.16489153993315994,265.11872203598614
816,12.486673374194652,True,21,0.007296035972489512,0.05,0.1869905443773383,265.5180546909978
817,17.628421481815167,True,9,0.0036265720436900323,0.05,0.15327103001375994,265.64273850698373
818,16.9758152870927,True,13,0.008392622176284226,0.05,0.23379997679820427,265.9152970809955
819,15.941523331473581,True,16,0.0012336409958270123,0.05,0.1697950721718371,266.1655711279891
820,11.964613532926887,True,21,0.015200662553046196,0.05,0.15578975510739146,266.4646155619994
821,17.089685985725374,True,12,0.0013452026023340613,0.05,0.16786250487590829,266.6306353219843
822,16.14011592268944,True,16,0.00921712546523401,0.05,0.20649924082681537,266.8916046259983
823,16.783920498786028,True,15,0.0031847774389275885,0.05,0.16822431509693464,267.1111809790018
824,12.990972284274175,True,21,0.01259813523510267,0.05,0.1828874090597743,267.37734144198475
825,10.563204549881629,True,24,0.0016681809708116724,0.05,0.1678396308173736,267.7220379659848
826,17.215991159295662,True,14,0.0029822912023034776,0.05,0.1713874630097832,268.1036480740004
827,15.229926548432559,True,17,0.0038877396457377422,0.05,0.17064927627935128,268.38294740297715
828,10.81692535886541,True,23,0.004463440409646968,0.05,0.19077026876418487,268.7213427279785
829,15.722818876081146,True,17,0.0032233123337481184,0.05,0.1675760369090473,268.9489414989948
830,17.006340486439875,True,13,0.004013648642886614,0.05,0.18355755164073065,269.11665767399245
831,20.12896306022303,True,16,0.011020983069435317,0.05,0.19315431988798082,269.381497868977
832,17.33332812353037,True,12,0.004698218839685436,0.05,0.16403216387455663,269.56184914699406
833,16.41135248413775,True,15,0.010028270960612484,0.05,0.17170970117052395,269.81071231499664
834,15.733274127199547,True,17,0.0006041349616011105,0.05,0.17903939196292093,270.1055267119955
835,17.431191665586084,True,11,0.0007809691842114996,0.05,0.19054927609183572,270.2608902200009
836,15.277278846816625,True,17,0.00495949674070717,0.05,0.14486325061058297,270.540762921999
837,11.332805767050012,True,22,0.016230038271642155,0.05,0.17749208923090587,270.89494118400034
838,17.395799484057353,True,12,0.005588672713765702,0.05,0.16806904630114636,271.08936390499
839,17.686400670092553,True,8,0.0071435751066294545,0.05,0.1965604517608881,271.2035001409822
840,10.57198946455028,True,23,0.0022121254520219846,0.05,0.19396486619244452,271.55531093099853
841,14.794740829081274,True,19,0.003569323738679131,0.05,0.16159873117545717,271.8774205899972
842,23.227259317136486,True,17,0.00023210518254637713,0.05,0.1917413459981189,272.07687124298536
843,17.419561718450858,True,12,0.006386043879126474,0.05,0.22564700928827128,272.219214421988
844,12.434021233703241,True,21,0.0037616432441113234,0.05,0.22283599534559817,272.4723313159775
845,13.126483152084983,True,20,0.001289709351574464,0.05,0.21311024390161037,272.8336648019904
846,17.333328130777225,True,12,0.0028434028097774344,0.05,0.2388671226799488,272.986867945001
847,16.198148206132466,True,15,0.0007427694550517505,0.05,0.18373484176894028,273.2142936119926
848,13.962766794115305,True,20,0.011258957660762348,0.05,0.1835570557974279,273.4343097480014
849,11.600107888272031,True,22,0.03235840134733314,0.05,0.170303421264345,273.7482365789765
850,14.251260733878006,True,19,0.010751410638605186,0.05,0.19466751735461385,274.11962752899854
851,14.761518540862017,True,18,0.015114759559197888,0.05,0.19504957480563057,274.34367937099887
852,13.651920139329741,True,19,0.012723451127748642,0.05,0.1695276714469257,274.5852094089787
853,13.263817564211784,True,27,0.0009828172028303328,0.05,0.16235073766222707,275.0220461789868
854,15.11936073359102,True,18,0.011587648356013558,0.05,0.16622480957044494,275.2480325649958
855,17.645787054905668,True,9,0.006902342004863574,0.05,0.1917358951436149,275.4054200339888
856,15.672058933228254,True,16,0.012237977257878951,0.05,0.21619184827432036,275.65429939498426
857,13.3738761524437,True,20,0.0036654587707369846,0.05,0.17544487547129392,275.94501971200225
858,17.13317177500867,True,13,0.0034161121567148622,0.05,0.1704983404622628,276.12380346798454
859,17.589059194177388,True,8,0.0030221330181364366,0.05,0.20563393738120794,276.24575228599133
860,15.607690980396,True,17,0.013506619148494381,0.05,0.1910161964376183,276.48542269098107
861,15.806201133551076,True,17,0.014442278118835694,0.05,0.13349250419174924,276.80076839998947
862,14.962800878903362,True,17,0.00680311959893154,0.05,0.1835116577499053,277.0767360639875
863,17.583608272403943,True,11,0.0041960598795839354,0.05,0.1913000372323123,277.2681557079777
864,13.043394710391294,True,20,0.007412946849779889,0.05,0.17002242617309093,277.65508980999584
865,14.186744883097708,True,26,0.012405107324922837,0.05,0.17559982252378875,278.0339215939748
866,13.60263503754977,True,19,0.011607004670361687,0.05,0.17864242549005308,278.2495301759918
867,14.645931699778885,True,19,0.019307578390037994,0.05,0.19457101184678705,278.5102010179835
868,12.95760977109894,True,20,0.014640449897070473,0.05,0.20365554532036184,278.8701846059994
869,14.893749808566644,True,18,0.01071507074332495,0.05,0.19463202067547375,279.1543211079843
870,15.686038416047813,True,17,0.00220064473932019,0.05,0.18974596557810025,279.3762272929889
871,9.76498752485495,True,24,0.015977221548659215,0.05,0.206196836506327,279.75103654598934
872,11.180749856773764,True,21,0.020747434313959756,0.05,0.19752452469297818,279.9965255629795
873,17.134857391170225,True,14,0.005395032857759413,0.05,0.15463513056082384,280.13975083400146
874,17.01428647306748,True,23,0.0068803987290979585,0.05,0.22231351454620776,280.3972776919836
875,13.321987197361885,True,20,0.009248337767803427,0.05,0.2014899292960763,280.6365982729767
876,17.324404433649033,True,13,0.00655524060046575,0.05,0.19848863064096525,280.8377440159966
877,16.491851705790033,True,15,0.004232546605933696,0.05,0.19457441065460443,281.0761473029852
878,17.00971369166509,True,13,0.005722818047603134,0.05,0.18659651107512987,281.2293110979954
879,17.43651946182363,True,12,0.0035300232086762084,0.05,0.21004746668040752,281.36545623798156
880,17.4026559982507,True,12,0.009305488735280198,0.05,0.15562115578601757,281.51991836799425
881,17.250172281544657,True,13,0.009636333487410165,0.05,0.17093355351915726,281.74984867998865
882,12.218594669643789,True,22,0.016302610676680374,0.05,0.20010363674637946,282.1300486889959
883,17.642330044298433,True,9,0.0034453315276932878,0.05,0.21512701941861045,282.24967392598046
884,14.672330950510514,True,18,0.0049662490977153695,0.05,0.17075364746981198,282.5142709139909
885,17.100669620756527,True,13,0.00046137270983279133,0.05,0.19747680196395287,282.69446969698765
886,17.32950216459576,True,13,0.001259810932733585,0.05,0.16122358593230063,282.8685616509756
887,13.635419861087575,True,20,0.002400929446654043,0.05,0.20419704280793666,283.1209019739763
888,14.312756948219612,True,19,0.011941916873084879,0.05,0.15997096072686345,283.38118481700076
889,16.182185241696423,True,15,0.024537023294311344,0.05,0.1883700132369995,283.56233909897855
890,16.390600631118286,True,15,0.00958565391990851,0.05,0.1914554244528214,283.74515855297795
891,10.158783437300007,True,23,0.010275795296150636,0.05,0.18159848467811293,284.10989696800243
892,15.412739659845828,True,17,0.004874304314994082,0.05,0.1803331839687684,284.38241597198066
893,12.856389337169821,True,20,9.971485894078036e-05,0.05,0.19374455977231264,284.6517638489895
894,15.497766989422962,True,17,0.007818072858379599,0.05,0.2353482640841428,284.9085847349779
895,13.388110697176307,True,20,0.003224234036713458,0.05,0.1763941913843155,285.1321162869863
896,15.534380227455404,True,18,0.0030831540824452497,0.05,0.21180402942829663,285.47185422398616
897,14.36401155552594,True,19,0.007346908294679211,0.05,0.19499537427174418,285.77675016698777
898,15.348409982875454,True,23,0.016454339299501575,0.05,0.19083822478094828,286.09582437298377
899,17.63060291209258,True,8,0.007802417014800618,0.05,0.23086554370820522,286.1941290109826
900,17.515918657276778,True,9,0.0050244653050015575,0.05,0.22406582037607828,286.3184170280001
901,15.699905588070397,True,16,0.0028510627450956116,0.05,0.19767965469509363,286.61872949899407
902,11.845008513129141,True,21,0.014897763176111134,0.05,0.18132421853286879,286.90771435099305
903,17.83643093551509,True,8,0.008725696265656106,0.05,0.20167695451527834,287.05135743299616
904,11.751668819878251,True,22,0.018578121961871585,0.05,0.20345690368082037,287.3609210869763
905,16.56452875046525,True,15,0.0007925600360231266,0.05,0.18781978512803713,287.5424009479757
906,17.623157727345824,True,8,0.016839510043273102,0.05,0.17975126416422427,287.72182533398154
907,13.067938318802042,True,20,0.004987515871916259,0.05,0.21542886849492787,288.0798270899977
908,15.671216524299233,True,17,0.00441760596063262,0.05,0.19460783383863814,288.280110074993
909,15.92102521348861,True,17,0.0005224157364563942,0.05,0.20436799087945154,288.52617360599106
910,15.236938114860095,True,17,0.008192778677340806,0.05,0.1797616538756034,288.8616981449886
911,13.5564401964657,True,20,0.025529873219479415,0.05,0.22923132218420506,289.1995534969901
912,12.838478111079894,True,21,0.016944656718249296,0.05,0.16841535554045722,289.46113651100313
913,11.27092288164422,True,22,0.029559739543715047,0.05,0.18357217802920126,289.7709884039941
914,11.397084328632626,True,22,0.023799731491660592,0.05,0.16065537192943422,290.0628686849959
915,11.902669560303911,True,22,0.031212804035319897,0.05,0.20005193251100453,290.33616707098554
916,12.542182522118672,True,21,0.005480543019427353,0.05,0.2143149475256602,290.5716095759999
917,13.435758718848227,True,20,0.006202708024218184,0.05,0.18905981313437223,290.84373660499114
918,16.334569547680438,True,16,0.006791565692955581,0.05,0.23619181895628572,291.10654668399366
919,17.659684663719965,True,10,0.0014957772486953042,0.05,0.12170723509043455,291.2285326589772
920,12.821897193579934,True,20,0.0032143010978895603,0.05,0.21824471242725849,291.46594022697536
921,14.048027444753098,True,20,0.01112306461081669,0.05,0.21235265359282493,291.74676522400114
922,17.03714332479285,True,13,0.0003352609227682546,0.05,0.21351054883920229,291.8990729689831
923,17.572184894466773,True,10,0.0066254094674030525,0.05,0.20877182483673096,292.0213698860025
924,14.31294067685958,True,19,0.004816155223472007,0.05,0.22379325487111745,292.3071634489752
925,15.745560830505564,True,17,0.0010444214547617459,0.05,0.23063095571363673,292.5390149719897
926,14.247440003152587,True,19,0.0051143400997024635,0.05,0.17487058857161747,292.7970081039821
927,13.873193036485462,True,19,0.024215313326589327,0.05,0.230702375110827,293.0680512879917
928,17.452505079482215,True,12,0.0012699363293666721,0.05,0.20451267374058565,293.24187342097866
929,15.887437653858797,True,17,0.01263478619768249,0.05,0.1893005138810943,293.4748872999917
930,16.086864887637784,True,15,0.009856417265563355,0.05,0.18273309965928394,293.7585115719994
931,16.78790491754189,True,14,0.010368657419055571,0.05,0.1838257150458438,294.0218344189925
932,17.40504151990026,True,12,0.0014156983846761728,0.05,0.2264885442952315,294.21611909900093
933,15.26713749479968,True,17,0.0011906571653974019,0.05,0.18343915330136523,294.45420965898666
934,15.19451173141133,True,18,0.010182869193371302,0.05,0.16763980531444153,294.8126910610008
935,13.92457610501442,True,21,0.0042139931320203106,0.05,0.1963272030864443,295.0731708209787
936,10.890159539401065,True,23,0.012662918329403361,0.05,0.17741336232132238,295.4270640600007
937,12.978673268156125,True,22,0.0021951065779236556,0.05,0.19574798169461163,295.80698449199554
938,13.187897189715295,True,20,0.015713884587799654,0.05,0.19583675814792514,296.10522307499195
939,12.964214294636621,True,21,0.007871803585486559,0.05,0.20627470846687043,296.3642496459943
940,15.858189114445121,True,17,0.00534416560643225,0.05,0.21224858600865393,296.6326780419913
941,14.143231363227823,True,19,0.006008309409566537,0.05,0.20200411583247938,296.9072279369866
942,14.435000757640228,True,18,0.004490898388376907,0.05,0.18605517078604963,297.22411595098674
943,17.442040335480122,True,12,0.002220762839003909,0.05,0.1986149689182639,297.3927704389789
944,17.388914993533398,True,14,0.0002500170284042702,0.05,0.21328380118523324,297.5907040449965
945,15.440717005357145,True,17,0.007533868578357639,0.05,0.20428301087197134,297.90578242298216
946,16.21989596756175,True,16,0.0021273408420967033,0.05,0.17785548930987716,298.0831173439801
947,13.982402415573597,True,20,0.00046444604179507465,0.05,0.23251025527715682,298.31739528800244
948,13.518662965425754,True,20,0.006714957045556691,0.05,0.18109349412843584,298.55594098797883
949,16.68087756135501,True,15,0.00943832998586136,0.05,0.22256358166535695,298.75114323798334
950,17.736806912138128,True,9,0.000974741198246025,0.05,0.2077416098780102,298.91684634098783
951,15.506873748637735,True,17,0.013734287089287256,0.05,0.19515042171320496,299.28031042800285
952,15.384758216181126,True,17,0.002284493237350693,0.05,0.20953901868094416,299.52791830999195
953,14.2941245611466,True,19,0.009354016548875688,0.05,0.19174764785719545,299.79885823398945
954,12.137693233042954,True,22,0.013322815075652694,0.05,0.1738771858879111,300.12162831498426
955,12.181687606545164,True,22,0.01436775677931068,0.05,0.187652306207879,300.3865629560023
956,15.14500614828139,True,18,0.00023280895346039499,0.05,0.217177281777064,300.6112298469816
957,17.589059194177388,True,8,0.0019948779168567805,0.05,0.20445334166288376,300.71029496198753
958,17.85964051602641,True,8,0.0011311082110175771,0.05,0.20523814298212528,300.83280783498776
959,17.746502014191357,True,9,0.005426417057334751,0.05,0.2441111852725347,300.9613093879889
960,17.616681655589492,True,10,0.004504934904580184,0.05,0.1683022551238537,301.10755385499215
961,17.625106896832584,True,11,0.0035580969178242022,0.05,0.11671801724217155,301.2393306349986
962,13.550206622225232,True,20,0.007718170536696767,0.05,0.19886236488819123,301.5366596999811
963,13.610377831943334,True,20,0.002862586653179844,0.05,0.23026260770857335,301.8430554459919
964,11.938684452511371,True,21,0.01613869257998679,0.05,0.17338146411237262,302.17593384499196
965,17.58871505721472,True,8,0.0014818381795228958,0.05,0.215149967931211,302.29783903897624
966,11.86086435191828,True,21,0.017780371816875418,0.05,0.1934377145731733,302.60790986398933
967,13.716565804649143,True,19,0.007995782576187382,0.05,0.18646209873259068,302.88898866498494
968,17.29322013645433,True,11,0.004013105665318581,0.05,0.24695373665202747,303.0126087190001
969,15.070867161662317,True,18,0.00449940168119406,0.05,0.23231955783234703,303.22104009697796
970,15.577415743935854,True,17,0.0032103269933761447,0.05,0.21597904262735562,303.4093804759905
971,11.560429314337672,True,22,0.011205912014939368,0.05,0.20556165582754396,303.6750391839887
972,13.408931346936152,True,20,0.004602056846437774,0.05,0.17367699071764947,304.03714490297716
973,12.566903796442784,True,21,0.002778660565469493,0.05,0.21310079523495265,304.32483563999995
974,16.505451031168924,True,15,0.006075445603165419,0.05,0.21036214971294007,304.5946169399831
975,17.002557321079074,True,13,0.007605111837576201,0.05,0.24091155769733283,304.8113337059913
976,17.67118513067253,True,9,0.008167362967945443,0.05,0.1677065533068445,304.92244816798484
977,17.193423417396843,True,12,0.009447890916991164,0.05,0.16754069598391652,305.0559427010012
978,17.630559888202697,True,9,0.010529486868181379,0.05,0.16151311558981737,305.1563007789955
979,14.666075593233108,True,18,0.0045652641974790464,0.05,0.21083519814742935,305.4611427630007
980,10.211027522338554,True,23,0.0046577132622884765,0.05,0.18157263909992966,305.78199575899635
981,14.283990579633972,True,19,0.0021750026774759457,0.05,0.2631407042867259,306.05195067898603
982,15.135507327411323,True,17,0.02006036545737827,0.05,0.20667512901127338,306.29650926799513
983,17.51865990050137,True,9,0.0044762160775111415,0.05,0.2679353223906623,306.43558986799326
984,19.469840554799884,True,27,0.0026860049552074328,0.05,0.21455413379051066,306.910641267983
985,12.448283520340919,True,20,0.02159922950832016,0.05,0.15480511765927077,307.19803216998116
986,16.609466913738288,True,14,0.0011859893075222283,0.05,0.23034008698804037,307.47413932398194
987,11.953194582764992,True,21,0.01111075864193356,0.05,0.1852729952051526,307.8296856599918
988,16.82493622402253,True,14,0.0002370619655803763,0.05,0.18074394602860724,308.0096972459869
989,17.381757538300008,True,23,0.0038790311432925773,0.05,0.17864351517156415,308.2824000940018
990,16.89726911948528,True,13,0.006159768661966131,0.05,0.21445385481302554,308.4394061329949
991,15.363396764360367,True,16,0.01925499406365988,0.05,0.2215015608817339,308.6804801069957
992,14.693265532364602,True,19,0.005970209223920997,0.05,0.19087946179666018,309.0051936629752
993,14.055607033334674,True,20,0.0034516235608499923,0.05,0.2241201125085354,309.2970488969877
994,10.937348750978709,True,22,0.011913230098549943,0.05,0.19626583870161662,309.5799042569997
995,17.442502620862797,True,11,0.007488501671291031,0.05,0.22980913519859314,309.7419241949974
996,16.8543686861638,True,14,0.0010242162564599033,0.05,0.23139745768691813,309.90319084297516
997,13.558025707025081,True,26,0.00741072109145946,0.05,0.16798615670548037,310.2738335809845
998,11.035128792165779,True,22,0.02520646770266821,0.05,0.1793377140367573,310.531671654986
999,16.02116578517016,True,16,0.000987874915575726,0.05,0.17291126330383122,310.7839129609929
1000,12.325430895457975,True,21,0.0019221488863402358,0.05,0.19852670991704577,311.07005796200247
1001,17.590650555095635,True,10,0.007461917971379989,0.05,0.21245797276496886,311.1982104719791
1002,13.584533280006143,True,20,0.00040494807381863396,0.05,0.2119699414819479,311.4738482629764
1003,13.835931207612157,True,19,0.002511742579413223,0.05,0.18973079166914286,311.69579727199744
1004,16.728805574041324,True,13,0.015907720139702264,0.05,0.19332002103328705,311.9160261709767
1005,17.322721013615954,True,13,0.0006275347038829371,0.05,0.1811370522930072,312.088518716977
1006,12.5155631121248,True,22,0.009164684300683734,0.05,0.20077941126444124,312.3552321140014
1007,16.296618842508177,True,15,0.006864687839077399,0.05,0.22343147297700247,312.5332110329764
1008,15.682525728922336,True,16,0.0011495062400128098,0.05,0.1976561287883669,312.81247756798984
1009,17.660878606908955,True,9,0.00901688982636828,0.05,0.18492236650652355,312.9696830409812
1010,16.691046049958096,True,15,0.004257179111735898,0.05,0.19027306077380976,313.22601566498633
1011,17.198559390101583,True,12,0.014618278723509931,0.05,0.17203058768063784,313.37900501998956
1012,17.545756216719745,True,8,0.009606010056831794,0.05,0.20576561009511352,313.51356591598596
1013,11.958064855000703,True,21,0.031124111563038404,0.05,0.2071797488523381,313.86004689199035
1014,16.827733018936122,True,14,0.00025888354534320257,0.05,0.19079291740698473,314.0405555210018
1015,14.108922409708612,True,20,0.0017554296576233197,0.05,0.18475558012723922,314.267366525979
1016,16.48649723143317,True,15,0.0019151800338810254,0.05,0.15104307880004247,314.43112260100315
1017,13.051632456108928,True,21,0.016784689616456183,0.05,0.18757197722083047,314.68075810399023
1018,18.255090780282625,True,30,0.0072991007837441835,0.05,0.1946170346500973,315.1251499829814
1019,17.49765608551679,True,10,0.00596027922529091,0.05,0.1607934782281518,315.2789543379913
1020,13.0900236540474,True,20,0.020006414905244574,0.05,0.21342780701816083,315.71857473198907
1021,15.36182145969942,True,17,0.0048578075433876045,0.05,0.1920590425896294,316.00435896698036
1022,11.166181295504794,True,22,0.02221120303614843,0.05,0.21777984186668287,316.34900321799796
1023,17.688066254276784,True,9,0.014443933110575055,0.05,0.21884425315592024,316.4514472769806
1024,16.815197303297463,True,15,0.0026157471357934337,0.05,0.20284806539614994,316.6620164909982
1025,16.171463661827147,True,15,0.008717726899209244,0.05,0.2050044022500515,316.87023841700284
1026,12.017734894715248,True,21,0.03492511245517871,0.05,0.17243077273347548,317.2135426029854
1027,16.963889119867236,True,13,0.0013401583970138464,0.05,0.2127272400718469,317.3596320129873
1028,15.646199772064573,True,18,0.011500833609741301,0.05,0.19343983878691992,317.5856538209773
1029,17.259696923824958,True,14,0.0011082204730904488,0.05,0.17609467370701687,317.9427726010035
1030,17.610883774328975,True,11,0.0037292573540595314,0.05,0.16263081472028384,318.1188128819922
1031,15.666344652092084,True,16,0.005529368102168752,0.05,0.161907980684191,318.35999884898774
1032,17.695633391092997,True,8,0.010274091852689453,0.05,0.2191129836719483,318.47477462000097
1033,12.76727657020092,True,20,0.019787313142617724,0.05,0.19576417990028858,318.7642497069901
1034,17.43848804468289,True,12,0.006784490707208393,0.05,0.19913631243010363,318.91649339097785
1035,16.642596944561227,True,14,0.013341385945194767,0.05,0.20859090611338615,319.0829602149897
1036,16.824266812834956,True,14,0.00030305158249965825,0.05,0.20710427633353642,319.2500837209809
1037,17.32145688852761,True,12,0.010082467336505335,0.05,0.22062057194610438,319.3869649620028
1038,17.475319424120244,True,11,0.000689141050663547,0.05,0.26918357475237414,319.51795166899683
1039,13.32459630453959,True,19,0.01444791066999862,0.05,0.20379167383438662,319.7478854939982
1040,12.849724858533591,True,20,0.0018392283964320244,0.05,0.22920997384935618,320.05772466698545
1041,16.23747652163729,True,16,0.003947310000820825,0.05,0.21691391430795193,320.30241732898867
1042,19.15952055321541,True,21,0.020245788089657824,0.05,0.22178548397052855,320.6052579309908
1043,16.581363536138088,True,15,0.006625935367146618,0.05,0.17950797329346338,320.8294656429789
1044,11.368028307519854,True,22,0.011777698434285222,0.05,0.2077626377682794,321.07825841597514
1045,16.594735261119787,True,15,0.006475423047305251,0.05,0.2189287041624387,321.2470682319836
1046,14.462544185807928,True,19,0.012628774208878257,0.05,0.2427950830836045,321.44462872698205
1047,14.996786098554729,True,17,0.009869027335281721,0.05,0.22643199124756982,321.64660797198303
1048,13.57052758266218,True,20,0.007771632667224027,0.05,0.1879244778305292,321.9223971059837
1049,15.625748825073241,True,17,0.00742990440708835,0.05,0.17731787220520132,322.14127435398404
1050,16.632886156567835,True,14,0.0009046987866264677,0.05,0.21182796904551132,322.34752523098723
1051,13.605086186341941,True,20,0.015781508560816948,0.05,0.1978572282474488,322.67705715599004
1052,15.833716095169075,True,17,0.008412748401218806,0.05,0.2587558907621047,322.9900887259864
1053,13.663294749330088,True,19,0.002290133798936278,0.05,0.17159795476809928,323.27069455900346
1054,16.005018730368462,True,16,0.01620605812903042,0.05,0.2034774593776092,323.4565945029899
1055,15.971572047984226,True,17,0.008751774954712632,0.05,0.18980459649773204,323.69693032299983
1056,14.465013955946779,True,25,0.005136622386441303,0.05,0.15220277644693853,324.0206606249849
1057,14.70634254189208,True,19,0.002334898459112944,0.05,0.1863879294771897,324.2363954829925
1058,17.55650363615714,True,12,0.002346820390016338,0.05,0.1756340847350657,324.3852572149772
1059,16.049669063463806,True,16,0.007827556315418094,0.05,0.20677149342373013,324.5871842530032
1060,11.341102036228403,True,23,0.009510158684404413,0.05,0.21516981818105863,324.9780121090007
1061,17.005239425506442,True,13,0.015244525066614167,0.05,0.1850099076445286,325.2078052169818
1062,14.288699196511878,True,21,0.009288666481570285,0.05,0.17381572315380686,325.5964832039899
1063,16.919000636506826,True,14,0.010773784728156433,0.05,0.25035478573824677,325.8046579209913
1064,16.319819559762255,True,15,0.02590201993428093,0.05,0.19387764657537143,325.9752872629906
1065,11.406844061706215,True,23,0.004526376330137416,0.05,0.18938476559908493,326.30047264599125
1066,17.164609847869723,True,12,0.0026572203609434575,0.05,0.20216913148760796,326.43569758097874
1067,16.497419999493285,True,15,0.012057092386509038,0.05,0.19212546646595002,326.6352203199931
1068,11.500278950296343,True,22,0.013560123025458504,0.05,0.1893146178600463,326.9725657319941
1069,17.33332811607979,True,12,0.01093013256049577,0.05,0.2275524064898491,327.1614227699756
1070,15.164706616662443,True,25,0.014769961840210954,0.05,0.2149338161945343,327.6355012569984
1071,16.594690793519838,True,15,0.003462170758058686,0.05,0.1713258922100067,327.83224727900233
1072,17.45092234771,True,10,0.0018752204096854214,0.05,0.27002312019467356,327.97774551299517
1073,12.401463236007839,True,21,0.01780972529577607,0.05,0.22992917646964392,328.2951584739785
1074,13.260658012802015,True,21,0.016469593066901655,0.05,0.18538383731529826,328.5721421959752
1075,16.329153199400753,True,16,0.0033399445255161697,0.05,0.22260064166039228,328.8017954189854
1076,17.769753660121932,True,10,0.0065122662074691,0.05,0.16617683060467242,328.9257911729801
1077,17.722584338171874,True,8,0.016628415916602298,0.05,0.2467893697321415,329.01915230898885
1078,17.006804621359333,True,14,0.014092948032244729,0.05,0.21313613333872386,329.2271538329951
1079,16.37369115029287,True,16,0.00022965522023493667,0.05,0.21170251304283738,329.4303959639801
1080,15.389929429336917,True,17,0.009138297611661794,0.05,0.20207438552204302,329.68382044998
1081,12.662486041430384,True,21,0.004727478438176225,0.05,0.1673328908426421,330.0164212039963
1082,12.434665718162432,True,21,0.0017756230622421043,0.05,0.21438121511822655,330.2923906990036
1083,14.185302164510357,True,19,0.005690356134458896,0.05,0.23852679564764626,330.53474310500314
1084,11.396283659059556,True,22,0.024924046724207893,0.05,0.18817481855777177,330.8141641309776
1085,15.638154647219926,True,17,0.015576458959208284,0.05,0.16902975562740774,331.059675329976
1086,14.94448145153001,True,18,0.0071653705152173175,0.05,0.2226704131397936,331.29518108197954
1087,14.4910615778761,True,20,0.013592486123026493,0.05,0.18863025400787592,331.6098941069795
1088,17.670017358846962,True,8,0.009660931123268667,0.05,0.17752821370959282,331.7483028569841
1089,17.583640675595962,True,10,0.014003209463893836,0.05,0.16383966393768787,331.8936090669886
1090,14.451536868643597,True,20,0.0006464051992823849,0.05,0.21446675239130855,332.17263784399256
1091,16.76365279238671,True,14,0.004578945785152694,0.05,0.1592407732137612,332.3553661189799
1092,16.012250390514964,True,16,0.00588536351245067,0.05,0.20978493825532496,332.54922508000163
1093,15.721025214204564,True,16,0.007496387377807889,0.05,0.15890887437853962,332.7303943599982
1094,17.433769221976398,True,12,0.007001057003333894,0.05,0.17940450770159563,332.91051610998693
1095,17.461387075996026,True,12,0.0057234248866030735,0.05,0.21952725170801082,333.06765159399947
1096,15.196024414431303,True,18,0.0028045391686551957,0.05,0.19408274669614103,333.3205931199773
1097,13.487913376651704,True,21,0.005152228750172072,0.05,0.17447700582089878,333.63697515198146
1098,13.746714495960624,True,20,0.006864667627434429,0.05,0.17091882517561316,334.0140472489875
1099,14.257163974177093,True,18,0.009434717672394899,0.05,0.22921708929869863,334.2882450229954
1100,10.962825088622049,True,22,0.004112187598598993,0.05,0.2106785804710605,334.56996423599776
1101,16.674558829888703,True,15,0.0037255565929442125,0.05,0.18445051002005736,334.8038777890033
1102,14.941649612435139,True,18,0.0008723740442240224,0.05,0.18318651223348248,335.03055712298374
1103,14.253804151713847,True,19,0.012328787378706019,0.05,0.19095642021612116,335.26265170497936
1104,13.700060197617859,True,19,0.009508663715334653,0.05,0.17904401296063474,335.5887474619958
1105,14.936442553089,True,17,0.00532181502678214,0.05,0.22447784639456692,335.7985189939791
1106,13.11947820931673,True,20,0.011107785558142846,0.05,0.20716106556355954,336.2479351380025
1107,17.017716909153386,True,13,0.003713320494074579,0.05,0.21663156896829605,336.4467570220004
1108,10.909540867386387,True,22,0.019185384758350632,0.05,0.20402096313509074,336.79587771499064
1109,14.657944061793387,True,18,0.0030131949697893012,0.05,0.1766120566883021,337.00622851899243
1110,13.554840941587463,True,20,0.013568057769934194,0.05,0.20045887185260652,337.23573918198235
1111,17.420074622504764,True,12,0.015655572684174987,0.05,0.16895675038297972,337.36657519399887
1112,17.038848271779717,True,13,0.004013861052330259,0.05,0.20907191932201385,337.51054432298406
1113,12.453981300251325,True,21,0.02266847253173232,0.05,0.1823927735288938,337.84003049798775
1114,11.282080185133964,True,21,0.018439722830724925,0.05,0.17975869890125024,338.119880860002
1115,12.387236668611877,True,21,0.0032178797870358045,0.05,0.20376662728154943,338.4365366549755
1116,13.649861691740806,True,19,0.003341300015758941,0.05,0.1920168211585597,338.76418410398765
1117,15.062895116675644,True,18,0.00996420481138971,0.05,0.18579084177811941,339.0023467319843
1118,15.903632656065747,True,16,0.005177040504859398,0.05,0.24070739932358265,339.18084341299254
1119,13.236686151218601,True,20,0.02193844342688489,0.05,0.18109568804502488,339.4080684949877
1120,16.602623816998673,True,14,0.021528657164880116,0.05,0.19058528489300183,339.5747020150011
1121,10.97191223539412,True,24,0.018857177358616806,0.05,0.2215745666374763,339.8905521109991
1122,14.22950180963544,True,19,0.01042621933443777,0.05,0.2229640593654231,340.1312293499941
1123,14.304536948667373,True,19,0.005484977257071422,0.05,0.1865396398658815,340.3580385799869
1124,20.823252526065332,True,21,0.012326578661745274,0.05,0.21082823909819126,340.6869530849799
1125,17.658480487263297,True,10,0.002637098056905693,0.05,0.24371058940887452,340.8287641479983
1126,17.990193291567266,True,8,0.0012258385284452666,0.05,0.18526032101362944,341.00786440397496
1127,16.266240237210877,True,15,0.015400841872323712,0.05,0.2215685764948527,341.24019241399947
1128,16.615607834700494,True,14,0.006924776149210721,0.05,0.1948771561895098,341.41765706799924
1129,11.161149293510244,True,22,0.017602303900033922,0.05,0.2182608558373018,341.67990436198306
1130,10.90154587593861,True,22,0.02125462226035546,0.05,0.22766521200537682,341.96823186898837
1131,20.39879293994745,True,14,0.016248349055051133,0.05,0.20331141565527236,342.11324632697506
1132,12.060572101781144,True,22,0.010095589852553877,0.05,0.1733998635953123,342.3447103310027
1133,15.769107176922262,True,16,0.0026533067359810203,0.05,0.16129338450264186,342.54379574698396
1134,10.928283046511932,True,24,0.021677185768215423,0.05,0.17468027126354477,342.8399134129868
1135,16.348071935819462,True,15,0.018749335139067458,0.05,0.24723500646650792,343.0735893069941
1136,17.315604779729618,True,12,0.024154452797006093,0.05,0.2333984705619514,343.25982076697983
1137,17.384007078049763,True,11,0.003526552460224361,0.05,0.17083345116539436,343.4204293549992
1138,17.26926753455773,True,30,0.02584306642490608,0.05,0.18827895522117616,343.89059427398024
1139,16.475820975960232,True,15,0.001458139158453553,0.05,0.2509826978047689,344.14208451498416
1140,16.55905946691346,True,14,0.005598071050724129,0.05,0.19390940014272928,344.3364608839911
1141,14.742341000912711,True,18,0.01565109474834303,0.05,0.21187958990534148,344.5654532399785
1142,14.270766989467665,True,19,0.00157907254034928,0.05,0.17853278117744545,344.8304196499812
1143,14.40806509386748,True,19,0.0006554905744134976,0.05,0.20502504392674095,345.0396151539753
1144,17.148425627940377,True,14,0.013993834259696844,0.05,0.18070505293352263,345.192251053988
1145,16.3986084330827,True,15,0.013598463760060742,0.05,0.19849039415518444,345.4856214809988
1146,15.129176127538084,True,18,0.01551079115577858,0.05,0.170083148818877,345.83619669199106
1147,14.66222119795857,True,18,0.008943338596080763,0.05,0.18362308748894268,346.07769659598125
1148,17.683087517274544,True,8,0.003387110913107441,0.05,0.21942235343158245,346.19203045399627
1149,13.044686800800264,True,20,0.024303588752284444,0.05,0.1948580104857683,346.52600780897774
1150,13.799096036469564,True,19,0.011604347307773377,0.05,0.18807314101018405,346.8071620229748
1151,13.048332915327773,True,21,5.746189409150393e-05,0.05,0.2003478141767638,347.0464990600012
1152,11.625429703481496,True,22,0.001589621667155039,0.05,0.21446394209157338,347.2886990509869
1153,14.007967639854177,True,19,0.0198427389966217,0.05,0.19305566639492386,347.5255853830022
1154,17.520188567740842,True,9,0.017553165057849762,0.05,0.18064635888569885,347.66306690700003
1155,11.18084293184802,True,24,0.014311199246262452,0.05,0.2245400552637875,348.10983102899627
1156,13.787769327079879,True,24,0.014156759192314738,0.05,0.20129724452272058,348.43166868097614
1157,10.428339205076918,True,24,0.004899493712713809,0.05,0.17956297968824705,348.79555633998825
1158,17.446736472291377,True,11,0.005284376612199257,0.05,0.19003632055087524,348.99365446998854
1159,14.596734147844835,True,18,0.009890030198782818,0.05,0.21990441965560117,349.2442038949812
1160,11.62566096073715,True,22,0.003621107483168462,0.05,0.20387597229670396,349.5752901919768
1161,16.675703964137938,True,14,0.00026167191063375395,0.05,0.19271242778216088,349.7820298919978
1162,14.400987106049433,True,19,0.0022105534823362305,0.05,0.21072660778698168,350.0723157369939
1163,14.113518030196428,True,20,0.01039021598837575,0.05,0.15772584583610297,350.35802371500176
1164,12.837505032459738,True,21,0.001318285558088994,0.05,0.20121743884824572,350.6061740430014
1165,13.64049973001238,True,20,0.007757036817491403,0.05,0.18863568766973912,350.88063892899663
1166,14.401026127068326,True,19,0.0022062215365894478,0.05,0.22344846513710523,351.17545277799945
1167,17.756529735792718,True,9,0.007894459107339366,0.05,0.19640042550033993,351.2744741939823
1168,16.197498468426055,True,22,0.007077765472412123,0.05,0.20435621995817532,351.5270502079802
1169,12.841952510876581,True,20,0.003134148832514727,0.05,0.14754388127475976,351.8086293299857
1170,17.09699122402817,True,12,0.011368291793738994,0.05,0.21248588214317957,352.01381224999204
1171,15.025737776886672,True,19,0.00819152796368533,0.05,0.17622500265899457,352.3479190049984
1172,15.763999741966837,True,16,0.005541977959760247,0.05,0.168862433754839,352.6131521939824
1173,15.23575162719935,True,18,0.0073024425876783705,0.05,0.2039475173999866,352.8797653539805
1174,17.694004216318717,True,8,0.0038930679822889013,0.05,0.21319369226694107,352.9808236229874
1175,15.388398895435966,True,17,0.008150568998021301,0.05,0.1824039058650241,353.1777690189774
1176,17.69771063074004,True,9,0.009062230695158921,0.05,0.14645097653071085,353.28163693699753
1177,16.983320234526765,True,14,0.010447772548780404,0.05,0.2045647624347891,353.44566273799865
1178,15.186909629544243,True,18,0.011773014371686819,0.05,0.1887621052770151,353.6707251309999
1179,14.96091558355838,True,18,0.017086229709062317,0.05,0.19617442000243399,353.99462231597863
1180,15.545625010761432,True,17,0.002447282996269007,0.05,0.20730137825012207,354.25379955099197
1181,18.118758078076645,True,39,0.00870551707563838,0.05,0.17953887954354286,354.8561089639843
1182,12.640139684826135,True,20,0.01233442627957304,0.05,0.1656822321936488,355.15423754398944
1183,16.06265814616345,True,22,0.019093424229926437,0.05,0.2511181499470364,355.54427855598624
1184,13.822364398231729,True,20,0.00726801384455944,0.05,0.18178827539086342,355.8794922489906
1185,13.71538964989595,True,20,0.022488749766889915,0.05,0.17977808583527805,356.1058099969814
1186,17.333328120969234,True,12,0.008442416303626937,0.05,0.1988941819096605,356.2509951549873
1187,11.098689203523099,True,23,0.016633212779965767,0.05,0.17959637292053388,356.5092829799978
1188,13.32349696503952,True,20,0.013867695757317167,0.05,0.22634171023964883,356.8575761989923
1189,16.61710341570433,True,14,0.015458145098991238,0.05,0.23046781069466046,357.07617848800146
1190,17.41212328738184,True,10,0.00037349722919205464,0.05,0.22172919511795045,357.23505204799585
1191,17.13333267730195,True,13,0.010596149934844729,0.05,0.17170467671866602,357.38491458797944
1192,13.449531629681587,True,19,0.014378001808538987,0.05,0.21507650868673073,357.69381440698635
1193,10.554207933461292,True,24,0.005791241475599507,0.05,0.18259817625706395,358.07066057799966
1194,16.04283885960467,True,24,0.011811802491428547,0.05,0.17976211624530455,358.40120228999876
1195,14.159465259639546,True,21,0.010702770451909094,0.05,0.1762515830674342,358.6625092899776
1196,14.851319528976454,True,18,0.01037079518260775,0.05,0.18907683973924982,358.9603493149916
1197,16.63371717138216,True,14,0.005844364296098914,0.05,0.16097103325384005,359.1935945809819
1198,16.014911120268515,True,17,0.005892170772287875,0.05,0.18969322609550812,359.4430419529963
1199,15.7012331164442,True,16,0.013664237634959553,0.05,0.1615944147342816,359.6472686280031
1200,17.434967729845084,True,11,0.0028951428278566615,0.05,0.21492871167984876,359.77006622598856
