episode,cumulative_reward,success,episode_length,final_absolute_error,epsilon,mean_loss,elapsed_seconds
1,16.325434427708387,True,27,0.001954714901445373,1.0,nan,0.23364779900293797
2,-151.7012373805046,False,150,1.4480421070023528,0.995,nan,1.293655615998432
3,-42.70956622958184,False,150,0.49812189397889894,0.990025,nan,2.3538861619890667
4,-134.40826988220215,False,150,0.9794445984810789,0.985074875,nan,3.306306859012693
5,-179.82602804899216,False,150,1.0682663952967046,0.9801495006250001,0.08058875448023173,5.148095631011529
6,-88.85142686963081,False,150,0.24241202141681908,0.9752487531218751,0.04358948656163799,7.19801581298816
7,-136.00501883029938,False,150,1.3411796193060261,0.9703725093562657,0.01864698453253368,9.131816503009759
8,-4.442239689175043,True,72,0.028031784893613798,0.9655206468094844,0.020851619032732235,10.055121406010585
9,-36.246422885358335,False,150,0.3482647751245009,0.960693043575437,0.036624543763852366,12.106626958004199
10,-86.74415971338749,False,150,0.8307425433865349,0.9558895783575597,0.030575709783782563,14.193322639010148
11,-85.90573931129184,False,150,0.8110297960973669,0.9511101304657719,0.02566974391733917,16.117930792010156
12,0.8280195067636633,True,98,0.01637002207160068,0.946354579813443,0.02914193066191023,17.22678744699806
13,-84.60358406789601,False,150,0.02679198454402182,0.9416228069143757,0.023855385810602456,19.088911655999254
14,17.258491600863636,True,13,0.0011921909085655519,0.9369146928798039,0.021789816996225946,19.265344348998042
15,1.8591714189154978,True,56,0.025264198972648755,0.9322301194154049,0.06379737412706683,20.13356782399933
16,-25.156414480536487,False,150,0.20756599554549154,0.9275689688183278,0.04791193258638183,22.21460959900287
17,-39.27829464096577,False,150,0.011011860013504404,0.9229311239742362,0.040368773204584915,24.170900271012215
18,-91.61315169930458,False,150,0.45819543717322725,0.918316468354365,0.03124897971128424,26.051851939992048
19,-9.7994240208529,True,127,0.029956327464613658,0.9137248860125932,0.02978852684022932,27.792910847987514
20,0.1862123277038279,True,104,0.010607979815975443,0.9091562615825302,0.03308783929186085,29.25632867901004
21,3.037427097279572,True,116,0.013818398072588806,0.9046104802746175,0.03663084473749944,30.864599010994425
22,-90.84399177134037,False,150,0.5804193869907054,0.9000874278732445,0.028653246893857915,32.79683486701106
23,-44.95992197981103,False,150,0.1443630797694767,0.8955869907338783,0.030066296824564537,34.84751281500212
24,-11.90787157947198,True,87,0.02307593822110754,0.8911090557802088,0.03165055939863468,35.86912766000023
25,6.819445208739489,True,43,0.018254800050900077,0.8866535105013078,0.030920541574528743,36.54834115199628
26,-52.501737888902426,False,150,0.8100976459956061,0.8822202429488013,0.0386125463899225,38.39201840100577
27,-28.828927957266547,True,140,0.0009885668059480546,0.8778091417340573,0.04124180699499058,40.23071220898419
28,-15.183909709285949,True,145,0.019142424258537294,0.8734200960253871,0.035700883176820034,42.28389128300478
29,9.110857200081227,True,133,0.024207443587849153,0.8690529955452602,0.045486825500804004,44.136491037003
30,-18.507433203328407,False,150,0.06835286913914917,0.8647077305675338,0.0377381386483709,46.08480109399534
31,-39.6513100588694,False,150,0.3521761466037385,0.8603841919146962,0.03174092227903505,47.98906859400449
32,-0.3552710206247909,True,57,0.01006621708951877,0.8560822709551227,0.031108657837632978,48.72485774298548
33,15.729759716941043,True,20,0.011722080569486232,0.851801859600347,0.040286364126950504,48.997338698012754
34,17.584180975332856,True,9,0.016808368791549434,0.8475428503023453,0.04396627605375317,49.095190519990865
35,-15.846897107176488,False,150,0.12303023529957352,0.8433051360508336,0.04120305364951491,51.27852389001055
36,-2.3071526982355905,True,95,0.02016555082691318,0.8390886103705794,0.03328346698299835,52.685992334008915
37,23.323700848408045,True,51,0.015807268908969566,0.8348931673187264,0.034273628656770666,53.34153557798709
38,-4.912451355555104,False,150,0.02267869387120519,0.8307187014821328,0.04266055059308807,55.371521038992796
39,-5.934915057476616,True,111,0.008519191877496834,0.8265651079747222,0.0385046247225087,56.68685777898645
40,9.596333063207567,True,42,0.024020420425659328,0.8224322824348486,0.040101757184380575,57.33049557698541
41,16.79303571366472,True,61,0.0013907159469633834,0.8183201210226743,0.03248253281487793,58.08220391100622
42,8.564861977333198,True,108,0.003309526878605862,0.8142285204175609,0.03392897298801,59.52893421400222
43,-98.98632901906967,False,150,0.2521873734460946,0.810157377815473,0.03848542312781016,61.85350070800632
44,10.423546866397373,True,35,0.012291901244522063,0.8061065909263957,0.034026559974466054,62.338812765985494
45,-7.640420379489665,True,80,0.012413876850769445,0.8020760579717637,0.03741387985646725,63.389020555012394
46,15.646737726870924,True,23,0.006270879088401571,0.798065677681905,0.03708444090317125,63.67637180999736
47,13.820076510496438,True,24,0.00894492244033357,0.7940753492934954,0.042888654939209424,64.08027425600449
48,10.728048134129494,True,37,0.005747886180854422,0.7901049725470279,0.030535947707657878,64.53591724700527
49,13.38060910832137,True,46,0.006508352300817033,0.7861544476842928,0.029939076174860416,65.08559209399391
50,17.5852831231663,True,37,0.02233612945597402,0.7822236754458713,0.031902763665326545,65.66937098599738
51,6.689850546140224,True,30,0.0086070552018368,0.778312557068642,0.0333807196157674,66.07985149000888
52,8.635681183822445,True,96,0.007809013526946851,0.7744209942832988,0.0379287818116912,67.31962128699524
53,15.448181033274158,True,21,0.0013152181736282853,0.7705488893118823,0.03632754433367934,67.56764940998983
54,14.701977521623483,True,20,0.015785080530463846,0.7666961448653229,0.028183300327509642,67.88361995000741
55,2.9304197543184216,True,89,0.00345137743148094,0.7628626641409962,0.032489305707427224,69.31268836499657
56,21.993686540126507,True,41,7.112400895931126e-05,0.7590483508202912,0.03341939143563916,69.75861358401016
57,15.772931426437571,True,78,0.006186602781535724,0.7552531090661897,0.04017785392128504,70.94775023599504
58,7.908461127243936,True,34,0.010118116242237685,0.7514768435208588,0.033607751350192464,71.42869290299132
59,-1.5654777776682813,True,123,0.020240831534758197,0.7477194593032545,0.03129785319381371,73.1092015769973
60,11.671959535265342,True,33,0.0159353263092884,0.7439808620067382,0.03193878314711831,73.64695462401141
61,17.4405863430351,True,9,0.004735803267317339,0.7402609576967045,0.032255129888653755,73.77240651799366
62,17.625590397417547,True,28,0.03838714006399396,0.736559652908221,0.030540009228778735,74.15312446799362
63,18.897133876429873,True,88,0.018256885142560464,0.7328768546436799,0.03908157541247254,75.175124211004
64,13.265476688658236,True,41,0.01762283911597054,0.7292124703704616,0.032534240631432065,75.82081694499357
65,18.572319158725442,True,30,0.0074545319334188564,0.7255664080186093,0.029440374796589217,76.22059748601168
66,18.217702850000933,True,52,0.003691083514678256,0.7219385759785162,0.02904840361756774,76.78249616999528
67,-14.001664671720942,True,126,0.01161477323301846,0.7183288830986236,0.03443278776600011,78.52011352698901
68,6.69545470457524,True,32,0.013251460248380975,0.7147372386831305,0.030067566025536507,78.91979135599104
69,16.873402091204117,True,16,2.874010739466193e-05,0.7111635524897149,0.029976709047332406,79.15383268799633
70,10.580137859960086,True,34,0.026249088414052046,0.7076077347272662,0.030937209232326818,79.5363094949862
71,7.06485246657394,False,150,0.003083235508828136,0.7040696960536299,0.03890395869811376,81.82307598899934
72,0.6198640835471352,True,125,0.029543411503644368,0.7005493475733617,0.03546633096039295,83.64599501198973
73,13.121468320200801,True,28,0.025131989099125007,0.697046600835495,0.033114626604531495,83.97917014500126
74,10.572232321521728,True,121,0.0023860946478057032,0.6935613678313175,0.04106020853539144,85.576870038989
75,18.16776052003261,True,47,0.0012806620395883206,0.6900935609921609,0.038207917929963864,86.20783420099178
76,10.609241655142977,True,36,0.01654102586602163,0.6866430931872001,0.03876853687688708,86.65289428501274
77,10.931259285245323,True,63,0.02953172063636983,0.6832098777212641,0.03773024669360547,87.53303525398951
78,12.247595581237693,True,105,0.03065444332091702,0.6797938283326578,0.04585467474091621,89.01143443200272
79,-0.28066411660984514,True,53,0.016405708639712413,0.6763948591909945,0.04196580822737712,91.59901593398536
80,19.075573291908952,True,120,0.010403528000463902,0.6730128848950395,0.0456447447805355,93.59937989900936
81,22.550011398410422,True,24,0.00344937118429145,0.6696478204705644,0.05863466300070286,93.91605097998399
82,6.357844248860782,True,35,0.0024737512834077657,0.6662995813682115,0.048417883100254196,94.40366034398903
83,5.70699369172216,True,66,0.013904889181830637,0.6629680834613705,0.04957038466113083,95.32116204799968
84,-0.18844154751860032,True,44,0.02599755361481282,0.6596532430440636,0.049509269185364246,95.88895296500414
85,22.72306184520712,True,60,0.024611976797889956,0.6563549768288433,0.044882672776778536,96.76004721899517
86,15.221631671575595,True,20,0.015283525737742276,0.653073201944699,0.0703928355127573,97.05687421301263
87,17.358953220397233,True,9,0.01690125043138719,0.6498078359349755,0.05245903486178981,97.19682075700257
88,5.550120619451625,True,55,0.022107534845659527,0.6465587967553006,0.05038089115511287,97.89051598598599
89,17.799790429510175,True,8,0.025831952158576588,0.6433260027715241,0.06833049328997731,97.99928886498674
90,8.018145744199863,True,42,0.029587139087426162,0.6401093727576664,0.05452709055195252,98.66316610798822
91,15.636985594127328,True,18,0.023700824245993846,0.6369088258938781,0.05008659604936838,98.9569755079865
92,16.90834144242108,True,16,0.02369800433161065,0.6337242817644086,0.046261020353995264,99.17361014799098
93,16.522621667629572,True,16,0.008602705375382269,0.6305556603555866,0.06371054716873914,99.47788365199813
94,9.893177973362619,True,37,0.008490273595426978,0.6274028820538087,0.05336111909835725,100.09885462600505
95,16.359825448179617,True,16,0.025091181471077972,0.6242658676435396,0.056896670372225344,100.32677246298408
96,15.537641954375431,True,20,0.02639554565234148,0.6211445383053219,0.06269489405676723,100.70758821399068
97,7.17027114117518,True,34,0.01162507383706457,0.6180388156137953,0.0628724417046589,101.27012461598497
98,11.606187837710605,True,40,0.0009086674682567963,0.6149486215357263,0.050861690659075975,101.91716106800595
99,10.78208353235386,True,45,0.003237464993873229,0.6118738784280476,0.051997246344884236,102.51083080400713
100,6.4202538814395655,True,33,0.031629556767868716,0.6088145090359074,0.058876958026578934,102.97871803899761
101,15.82952781477943,True,18,0.01426908470089383,0.6057704364907278,0.07737529567546314,103.27955512600602
102,14.661917323060333,True,21,0.02097994855090185,0.6027415843082742,0.051445292575018745,103.54712670200388
103,6.151433590566738,True,34,0.010645714536651751,0.5997278763867329,0.04926863362026565,104.0649806119909
104,13.624881984340027,True,22,0.002731214550366512,0.5967292370047992,0.05674102648415349,104.37202030199114
105,16.672128705400972,True,26,0.005906840059285934,0.5937455908197752,0.08489605913368556,104.68740177399013
106,17.62156227286905,True,10,0.0158681703222337,0.5907768628656763,0.06546329036355018,104.81750893499702
107,14.073899882743717,True,46,0.02165628079950388,0.5878229785513479,0.06913815216039834,105.50536697698408
108,3.2595837473869276,True,61,0.004569572381703413,0.5848838636585911,0.06087234255964639,106.33184928499395
109,8.092538293683901,True,30,0.02146884266782345,0.5819594443402982,0.053617833430568376,106.74374946398893
110,16.60863885823637,True,18,0.006083806155028723,0.5790496471185967,0.06866533226437038,106.99674575100653
111,13.520468902401625,True,23,0.031885526226294536,0.5761543988830038,0.0757781775749248,107.30976531701162
112,9.24896855689585,True,51,0.007145889407930095,0.5732736268885887,0.06395769363963137,107.9230245409999
113,17.29098690757528,True,34,0.00175390390810784,0.5704072587541458,0.07733528442023431,108.37211746600224
114,16.560693337791598,True,42,0.026540218435063156,0.567555222460375,0.06248498122606959,108.95865640699049
115,14.268426119768993,True,46,0.017084349797163,0.5647174463480732,0.05668036473672027,109.54004490698571
116,15.527497626148397,True,66,0.010490852608318557,0.5618938591163328,0.0627766176493782,110.63184726799955
117,17.045128978928552,True,25,0.011688074125913495,0.5590843898207511,0.0655386396497488,111.0123350500071
118,16.29645440238528,True,41,0.0023925884538557735,0.5562889678716474,0.08090374900436983,111.59161998800118
119,22.747673098882657,True,45,0.018893817790509665,0.5535075230322891,0.06864086935917536,112.28683636299684
120,19.068404640257356,True,26,0.014956279802343292,0.5507399854171277,0.06682481022121814,112.64217291300884
121,26.815365120628844,True,57,0.03513867524731851,0.547986285490042,0.06669410180888678,113.51185551300296
122,-0.14678190201521346,True,50,0.011551988910640465,0.5452463540625918,0.06587528891861438,114.15281173100811
123,16.195863113645466,True,18,0.013377575163384017,0.5425201222922789,0.07170897484239605,114.37219165000715
124,4.112471493892369,True,37,0.009817096757566146,0.5398075216808175,0.05798421598769523,114.92533953400562
125,17.92308248579502,True,8,0.009614689208769733,0.5371084840724134,0.07930022338405252,115.02817874000175
126,23.300010536279295,True,47,0.022090799608893763,0.5344229416520513,0.07490053959190845,115.71881886199117
127,12.125898749753834,True,25,0.013349802822533174,0.531750826943791,0.08587012484669686,116.0251107760123
128,10.874595321435482,True,30,0.012682587848639293,0.5290920728090721,0.07298895474523306,116.40701606799848
129,17.428872802807017,True,13,0.012104701735239753,0.5264466124450268,0.058687228996020094,116.54742549499497
130,17.05673144168686,True,29,0.00478364052228164,0.5238143793828016,0.0608254738537402,116.92542057001265
131,7.24158678674139,True,30,0.009867260270025602,0.5211953074858876,0.09300220857063929,117.3790606269904
132,17.160055318893864,True,13,0.0003070388360523757,0.5185893309484582,0.08682920669133846,117.57177445600973
133,18.97779451473616,True,25,0.03957199999266919,0.5159963842937159,0.06575001306831836,117.95417011200334
134,16.91674656793475,True,17,0.0043962389973006,0.5134164023722473,0.06560635150355451,118.15396237399545
135,13.503481209106395,True,54,0.006636616324469102,0.510849320360386,0.08452029277880986,118.92359972599661
136,4.614994356525128,True,39,0.03729318519483016,0.5082950737585841,0.07366500193109879,119.47568047200912
137,17.59804183198139,True,8,0.014231235101079688,0.5057535983897912,0.0800073561258614,119.56198976098676
138,10.827599051780998,True,36,0.004397044432177255,0.5032248303978422,0.06823584313193957,120.32422723600757
139,11.25662515018521,True,23,1.1288798871911254e-05,0.500708706245853,0.08138747958709365,120.78586574899964
140,17.68602115334943,True,8,0.0025820862454504316,0.4982051627146237,0.08147908444516361,120.89142627699766
141,23.94322559338761,True,19,0.007834060630387257,0.49571413690105054,0.06615251106651206,121.15906129099312
142,6.517043932201338,True,44,0.02569796173432315,0.4932355662165453,0.08708362086591395,121.72644395599491
143,17.088032825640404,True,12,0.027825341931233122,0.4907693883854626,0.05737725334862868,121.87344575300813
144,17.626440495823044,True,8,7.988803352554363e-05,0.4883155414435353,0.057905411813408136,121.97617170700687
145,16.877162117883564,True,42,0.0005659469857665078,0.4858739637363176,0.10115617699921131,122.62079226301285
146,16.07242781831883,True,19,0.003162225842504418,0.483444593917636,0.08892584896009219,122.88252959901001
147,17.701601883466356,True,8,0.03182380762269171,0.4810273709480478,0.07297750026918948,122.98621298000216
148,17.085048018302768,True,13,0.01316034240672559,0.47862223409330756,0.08752774303922287,123.18910175099154
149,13.617509166966194,True,35,0.0010223655114879326,0.47622912292284103,0.08760270449732031,123.70448887799284
150,14.33912794329226,True,19,0.02456513668059601,0.4738479773082268,0.07464786354256303,123.94993208500091
151,11.047774482116802,True,25,0.027365454319651983,0.47147873742168567,0.09696934066712856,124.27176693099318
152,8.06023330364842,True,34,0.002984997074867768,0.46912134373457726,0.0681586019037401,124.72779994399752
153,17.453552607120947,True,13,0.0029011537716502195,0.46677573701590436,0.09362129179330972,124.93554005000624
154,10.587333529598254,True,28,0.007454189982784243,0.46444185833082485,0.08037367789074779,125.32203098598984
155,23.08506461608922,True,42,0.00591058271958167,0.46211964903917074,0.08724261208304337,125.8494757389999
156,15.843496687430887,True,17,0.004833728661236214,0.4598090507939749,0.10108290349735934,126.14377061300911
157,21.08655087482184,True,23,0.03203957475913996,0.457510005540005,0.09475489519536495,126.43733488500584
158,14.888738611503504,True,20,0.0038688647421739053,0.45522245551230495,0.10047067664563655,126.65586810800596
159,13.644349317951129,True,23,0.001799776629784311,0.4529463432347434,0.08045270998516808,126.95386060199235
160,11.71586752552539,True,46,0.00707255552531727,0.4506816115185697,0.09526047252280556,127.67494987900136
161,7.374708884209392,True,36,0.0038841115542429527,0.4484282034609769,0.07977091997034019,128.19429599298746
162,8.631593470834197,True,33,0.03577699017692265,0.446186062443672,0.0791853169035731,128.65616912700352
163,16.688366165035404,True,66,0.004307827061305725,0.4439551321314536,0.0944836816440026,129.5474817350041
164,17.454593420028687,True,11,0.006334771500557987,0.4417353564707963,0.0968501591546969,129.67810379900038
165,18.114331303094513,True,40,0.0193264269342886,0.43952667968844233,0.08675441914238036,130.22588171099778
166,13.654698331560938,True,22,0.02852362398190228,0.43732904629000013,0.07728888441554525,130.53257072798442
167,11.988225495186633,True,26,0.004430806448436908,0.4351424010585501,0.10368296597152948,131.02302928001154
168,29.534545863093804,True,46,0.03132147291940757,0.43296668905325736,0.0765368191363371,131.61791828798596
169,3.8035602384246845,True,35,0.014633427964178991,0.43080185560799106,0.09564634673297405,132.13812233699718
170,17.660786269034723,True,26,0.0031319314076141413,0.4286478463299511,0.0965932638456042,132.4320377149852
171,23.21616883415263,True,17,0.011522906639821445,0.42650460709830135,0.09587610074702431,132.6619618590048
172,17.363014743709936,True,21,0.002450379195870489,0.42437208406280985,0.10005382608090128,132.97968223699718
173,10.22814437225461,True,23,0.024598896347231114,0.4222502236424958,0.08350967737319677,133.30514372399193
174,12.589898778055794,True,22,0.01365515696845332,0.42013897252428334,0.09208502222529867,133.62222191799083
175,17.42447619843297,True,41,0.0066740713153568,0.4180382776616619,0.10453868012239294,134.3032965179882
176,22.28154410655261,True,26,0.006016086696660997,0.4159480862733536,0.09029301728766698,134.63340350901126
177,8.2221857727709,True,56,0.003680342565407946,0.41386834584198684,0.0839447903313807,135.40599592699436
178,13.212150199059398,True,20,0.009045459309798942,0.4117990041127769,0.09686967665329575,135.61930410799687
179,17.716607180290158,True,25,0.033896620066258876,0.40974000909221303,0.09492314234375954,135.89421090998803
180,10.782538106178981,True,31,0.002677274244821559,0.40769130904675194,0.11854750086222926,136.31405228798394
181,13.064238801432657,True,21,0.0012648378207716915,0.40565285250151817,0.09406184156735738,136.61512639798457
182,22.96415426654275,True,16,0.0012305555077578093,0.4036245882390106,0.10953561984933913,136.7997077369946
183,16.06924998080358,True,17,0.01724008757402501,0.4016064652978155,0.08462487796650213,137.00162613400607
184,16.25995611716062,True,26,0.03591524525442791,0.3995984329713264,0.09512508008629084,137.32081670398475
185,16.188293125107883,True,16,0.008828492463273996,0.3976004408064698,0.0934022068977356,137.54060382800526
186,16.901739277876914,True,13,0.005184923142094955,0.39561243860243744,0.10879933447218858,137.73088970899698
187,20.953456605179234,True,37,0.005627424300887474,0.3936343764094253,0.09229638850366748,138.20434146901243
188,11.836442813696339,True,26,0.022689620175183056,0.39166620452737816,0.09843815719852081,138.51875931798713
189,15.162086958135477,True,18,0.009148431003172253,0.3897078735047413,0.07505837817572886,138.78403976600384
190,11.589052178461134,True,27,0.007169117755438492,0.3877593341372176,0.09098347379929489,139.15281659399625
191,18.87915079634404,True,27,0.0016615927618968684,0.3858205374665315,0.0876033738669422,139.5427374409919
192,13.417257328180131,True,20,0.005120229150450739,0.38389143477919885,0.11819934025406838,139.86141525299172
193,17.07226339231711,True,30,0.004192957557846211,0.3819719776053028,0.0977340734253327,140.26281671901233
194,12.86387687739916,True,22,0.012368137893184916,0.3800621177172763,0.11588674682107838,140.6127954380063
195,12.82733244546689,True,21,0.02482477816549944,0.37816180712868996,0.10849221822406564,140.91536173698842
196,17.028526237013285,True,15,0.0045326926058733286,0.37627099809304654,0.0944131538271904,141.15188516999478
197,10.026408185251057,True,30,0.008100325576960388,0.3743896431025813,0.11675309625764688,141.53984827300883
198,14.196733688341919,True,19,0.008961458620790841,0.37251769488706843,0.11415743994477548,141.7803106229985
199,15.49287606049329,True,18,0.006277276327936232,0.3706551064126331,0.12548616838951906,142.07095645699883
200,13.860674853657837,True,21,0.03812135030806535,0.36880183088056995,0.08703759286020483,142.3913884999929
201,10.72283360636211,True,35,0.010753308343981138,0.3669578217261671,0.09685182582054819,143.03576744601014
202,19.223105779333856,True,15,0.003780804515558455,0.36512303261753626,0.11937564872205257,143.288704333012
203,19.2485915817786,True,45,0.014050068997912835,0.3632974174544486,0.09894743309252792,143.82792968201102
204,9.965198201144812,True,25,0.005988021624700468,0.3614809303671764,0.09265185661613941,144.24324077300844
205,14.87998816911131,True,18,0.012138818687901176,0.3596735257153405,0.10546034015715122,144.5268623860029
206,12.79876792859286,True,21,0.009736719799256499,0.3578751580867638,0.10567428242592584,144.78425135699217
207,14.224575820239261,True,25,0.001082117459163645,0.35608578229633,0.12046407811343669,145.12918941499083
208,12.351363132102414,True,22,0.0023490808259215568,0.3543053533848483,0.1043530043891885,145.4037008319865
209,17.427790734544395,True,8,0.03834862657384126,0.35253382661792404,0.07643691310659051,145.51829906800413
210,15.708882205799455,True,18,0.005405526561405527,0.3507711574848344,0.1347382597418295,145.76083929100423
211,22.87256770863314,True,19,0.00024975308809349617,0.34901730169741024,0.0895955772384217,145.9917269849975
212,13.83330252605956,True,21,0.002561209133246478,0.3472722151889232,0.10858340100163505,146.29694623098476
213,15.365158687590156,True,31,0.0007170866309378909,0.3455358541129786,0.11444408446550369,146.7672016310098
214,17.567768361233174,True,22,0.0116139828431302,0.3438081748424137,0.08170145064253699,147.08982636098517
215,17.218209870625287,True,24,0.009447012976310454,0.3420891339682016,0.12244862007598083,147.3919314990053
216,13.327339073084294,True,19,0.02058746024642144,0.3403786882983606,0.14869655707949087,147.67489130501053
217,8.083521047839895,True,32,0.001401719268759094,0.3386767948568688,0.10006036702543497,148.1610089179885
218,10.108760157739743,True,26,0.011203305696511623,0.33698341088258443,0.09756595003776826,148.47709096598555
219,22.3186788624851,True,24,0.00787287414486429,0.3352984938281715,0.11036660879229505,148.75510756199947
220,14.944601278909248,True,22,0.011742277691580594,0.33362200135903064,0.09820059669966047,149.06292021198897
221,17.70512825798942,True,8,0.0029634225780529946,0.33195389135223546,0.08636486507020891,149.20981810698868
222,16.19055512500927,True,17,0.011413855394376449,0.3302941218954743,0.13971193288179004,149.4331321429927
223,10.840841968823224,True,24,0.025430649063615807,0.32864265128599696,0.12877288227900863,149.75289897999028
224,15.654471473535523,True,17,0.008096372982577149,0.326999438029567,0.10324216173852191,150.032386270992
225,10.36278752856888,True,25,0.0011302772023868979,0.3253644408394192,0.09944918885827064,150.4319620989845
226,10.113642673904542,True,28,0.019904706224250446,0.3237376186352221,0.12212331686168909,150.9006319970067
227,17.430268586357123,True,10,0.0037931752140915598,0.322118930542046,0.13603194672614335,151.02741952298675
228,16.78651784195099,True,15,0.021695274446768248,0.32050833588933575,0.16157297988732655,151.23006581698428
229,13.107530491892248,True,20,0.015593360124695033,0.31890579420988907,0.09861465021967888,151.51771439099684
230,12.389168624905869,True,23,0.010647937398427398,0.3173112652388396,0.0999625519565914,151.81084179200116
231,17.27075636778027,True,13,0.006054519694491722,0.3157247089126454,0.13710103986354974,151.9732070399914
232,10.627594365284311,True,24,0.01394008171570893,0.3141460853680822,0.1530672082056602,152.28275161999045
233,16.938445280119776,True,14,0.011799494538746375,0.3125753549412418,0.1591303242104394,152.49988643600955
234,11.962943103956059,True,31,0.007053385452011951,0.31101247816653554,0.1379513929808332,152.9431573629845
235,12.562760578934103,True,23,0.007517372171240655,0.30945741577570285,0.1330351891077083,153.27925676701125
236,17.67764638711815,True,9,0.002790411023325272,0.3079101286968243,0.11880720986260308,153.38391565700294
237,14.483694476610982,True,20,0.009148272511935396,0.3063705780533402,0.09663120415061713,153.74494887000765
238,7.7422013297677035,True,27,0.02548237824659938,0.30483872516307353,0.1477663352119702,154.08533374298713
239,11.745129688736052,True,26,0.004811569795801995,0.3033145315372582,0.14589727433541647,154.4928088200104
240,15.378358633257449,True,28,0.009874594107155299,0.3017979588795719,0.12534483043210848,154.90873771801125
241,13.489906290499494,True,23,0.006538130305948853,0.30028896908517405,0.09595144783025203,155.22064581199083
242,21.110717501782347,True,31,0.0025104801639848073,0.2987875242397482,0.12095944186852824,155.6618515959999
243,17.63492468940094,True,11,0.013382069857406753,0.29729358661854943,0.12063887546008284,155.81715864798753
244,16.75331703554839,True,14,0.0025101653642214394,0.29580711868545667,0.12426458458815302,156.0256040279928
245,13.029566716810223,True,21,0.01146605402286982,0.2943280830920294,0.09957126004710085,156.31215699401218
246,19.857237117004114,True,27,0.00028130350459565356,0.29285644267656924,0.10868259381364893,156.6168964309909
247,22.728955611609855,True,22,0.006621716802221289,0.2913921604631864,0.1206306882033294,156.90043590401183
248,16.838321277452632,True,13,0.03357783155353433,0.28993519966087045,0.131857018917799,157.08357548501226
249,17.501634500420188,True,11,0.01069554568488762,0.2884855236625661,0.14685406772927803,157.29879614899983
250,16.788885370921342,True,15,0.006119995655368027,0.28704309604425327,0.13614962249994278,157.49458537998726
251,12.36965627130121,True,24,0.02349795375928565,0.285607880564032,0.11958665315372248,157.78494544199202
252,17.467724891961552,True,11,0.00164726624166818,0.28417984116121187,0.13388816030188042,157.96598494899808
253,14.700887330062688,True,20,0.005696217922324609,0.2827589419554058,0.171283499058336,158.31886176299304
254,14.195425243617501,True,22,0.0006237393587475437,0.28134514724562876,0.13923085701059212,158.69274091601255
255,15.331144773680716,True,17,0.03178476647309275,0.2799384215094006,0.1239870921434725,158.89160214699223
256,13.864133267570287,True,21,0.006292622929460978,0.27853872940185365,0.13471534200722263,159.19451594600105
257,11.41235162006924,True,25,0.0015360090172311658,0.27714603575484437,0.11183271922171116,159.54102452998632
258,11.177234313639929,True,24,0.003947255352395707,0.2757603055760701,0.12876597597884634,159.8333200449997
259,23.031156583037223,True,25,0.011331299540246226,0.2743815040481898,0.13767364867031573,160.18504190800013
260,13.529370913351887,True,21,0.017851988555659615,0.2730095965279488,0.10971940362027713,160.49652182499995
261,13.898819108516909,True,20,0.007651590721897805,0.27164454854530906,0.1376877742819488,160.87504808299127
262,15.460911068692802,True,19,0.009594731500705833,0.2702863258025825,0.11650223382993748,161.15612893601065
263,13.0290814449545,True,22,0.0022376808136084225,0.2689348941735696,0.12116810620169748,161.41189318700344
264,12.4597768249223,True,21,0.0015727941130954104,0.26759021970270175,0.14415957131201312,161.6908674639999
265,14.857480119960382,True,29,0.0031058446433112064,0.2662522686041882,0.11270691236031466,162.04657744799624
266,14.339618213451468,True,21,0.0020338177808092994,0.2649210072611673,0.10890195084114869,162.33249973101192
267,13.903855860824114,True,20,0.00019389322428964295,0.26359640222486147,0.1312853878363967,162.58810526199522
268,10.757108945772051,True,26,0.0069570322419343356,0.26227842021373715,0.14194622535545093,163.10579706699355
269,9.245371247874573,True,25,0.0302325182048937,0.2609670281126685,0.13426042526960372,163.48154006298864
270,12.072975190263241,True,22,0.009686255600936722,0.25966219297210513,0.10869808156381953,163.81481726901256
271,13.143800750165246,True,22,0.010878987379027705,0.2583638820072446,0.1502206368710507,164.1609170740121
272,10.160429025907069,True,25,0.006758347510015916,0.2570720625972084,0.12689679462462664,164.44911020199652
273,17.082021796063053,True,14,0.007091585313105581,0.25578670228422234,0.12944605840103968,164.66458616699674
274,15.736058721067092,True,18,8.121045779801994e-05,0.25450776877280124,0.15117834239370292,164.9051949600107
275,17.174953159317376,True,13,0.005849811764772478,0.2532352299289372,0.1290220679858556,165.06181073299376
276,21.8015845451082,True,24,0.003918653808377914,0.2519690537792925,0.15808266882474223,165.44717736999155
277,17.879038581601343,True,8,0.0018578743067712532,0.2507092085103961,0.195965473074466,165.5468722830119
278,12.94417526954785,True,22,0.009424240670032447,0.2494556624678441,0.12844206375831907,165.8022074509936
279,13.225063362531364,True,21,0.0034221735476738235,0.24820838415550486,0.1707372030331975,166.1131870239915
280,8.998904952872545,True,29,0.0042243106041568446,0.24696734223472733,0.1317354898642877,166.53167935300735
281,13.699108473747037,True,22,0.00615412993025688,0.2457325055235537,0.12119657478549263,166.81457634200342
282,15.015971385478043,True,19,0.0006705582996974213,0.24450384299593592,0.1541590928835304,167.0583426170051
283,15.579756835568697,True,18,0.0029257400361017427,0.24328132378095624,0.11023230685128106,167.29397891100962
284,17.29564599674195,True,11,0.016157012834056628,0.24206491716205145,0.10406278310851617,167.45437073800713
285,17.334865233744495,True,12,0.014879279301059034,0.2408545925762412,0.17075324431061745,167.70774997098488
286,11.646323978435248,True,22,0.0028000754985285647,0.23965031961336,0.15405645229938356,167.96816245099762
287,16.975634347135202,True,14,0.00458571885099382,0.2384520680152932,0.09225221390702895,168.13780489299097
288,17.546596249658613,True,8,0.004110600419244624,0.23725980767521673,0.15429326985031366,168.30314461598755
289,12.037416368792764,True,23,0.009811702632788188,0.23607350863684065,0.12389068410772344,168.7244588850008
290,14.20754408655921,True,19,0.0005774228897288403,0.23489314109365644,0.1434305974919545,169.02855692899902
291,11.807315913483034,True,22,0.00441797699680524,0.23371867538818816,0.12582818342542107,169.33715881599346
292,13.12660172416363,True,37,0.010676698381317573,0.23255008201124722,0.13051755952875357,169.87037796899676
293,14.122589269513265,True,27,0.005642665665948732,0.231387331601191,0.1675830555182916,170.2671579819871
294,12.526013413711917,True,24,0.006307640827264427,0.23023039494318503,0.13340491770456234,170.6708038210054
295,11.71783896976849,True,24,0.0006225506267454328,0.2290792429684691,0.15690958647367856,171.0112730480032
296,8.868396228738128,True,27,0.03446090589095019,0.22793384675362674,0.11106280154652065,171.3680613419856
297,14.602863587951287,True,19,0.002820577886254505,0.22679417751985861,0.13914601044043115,171.6018958769855
298,21.194305046182127,True,35,0.009317462465906867,0.22566020663225933,0.13764053881168364,172.08574268699158
299,16.590513883321545,True,15,0.0011983121202836788,0.22453190559909803,0.1307205465932687,172.32719133098726
300,14.980735920136794,True,18,0.021602744845013955,0.22340924607110255,0.17349421543379626,172.5732544749917
301,13.620241589378566,True,19,0.012403196564701569,0.22229219984074702,0.19506218519650007,172.85544142400613
302,17.71974386603106,True,9,0.009758243780949027,0.2211807388415433,0.11659120561348067,173.13165349399787
303,17.858284486783667,True,8,0.001818236513955563,0.22007483514733558,0.1747189098969102,173.24872844098718
304,14.454606398940086,True,25,0.01145445945175283,0.2189744609715989,0.1660139935463667,173.5349811190099
305,17.669910376612098,True,9,0.005583640706751505,0.2178795886667409,0.13033392445908654,173.6436580719892
306,17.03496292278503,True,14,0.00783366986712733,0.2167901907234072,0.10198813304305077,173.84047930399538
307,16.87839063863503,True,14,0.006654648357959453,0.21570623976979014,0.15564945579639503,174.0175985689857
308,14.517201773566194,True,20,0.0010760644399493424,0.21462770857094118,0.10942407930269837,174.36666052701185
309,12.73672298462625,True,23,0.002524278597447971,0.21355457002808648,0.14409157261252403,174.71767923998414
310,17.735072687338107,True,8,0.008710061469592734,0.21248679717794605,0.11388426600024104,174.82066615100484
311,22.159479509480295,True,24,0.008544484861659887,0.21142436319205632,0.16173982759937644,175.2065948100062
312,14.525344987772405,True,19,0.006131240217982725,0.21036724137609603,0.15574129278722562,175.547290477989
313,16.848247881501447,True,13,0.009312830059064192,0.20931540516921554,0.1746306256032907,175.70859468501294
314,16.837024867671424,True,15,0.0017707249504845812,0.20826882814336947,0.12408348893125852,175.90812336900854
315,15.833421858912335,True,17,0.022876255058790873,0.20722748400265262,0.13315373133210576,176.1570629880007
316,19.423511260701343,True,19,0.004549279446105697,0.20619134658263935,0.12955628502133645,176.37300741000217
317,15.684284362674225,True,19,0.00793016599865265,0.20516038984972615,0.14975577955575367,176.6191780680092
318,15.91489958895836,True,17,0.002069821477396483,0.2041345879004775,0.17784918033901384,176.83599000299
319,12.087117749359459,True,22,0.0032017885355017928,0.2031139149609751,0.1656638482924212,177.095799437986
320,14.258205808792262,True,25,0.019659669320930884,0.20209834538617025,0.1455051215738058,177.4686380919884
321,17.49135612891987,True,8,0.013683965265187607,0.2010878536592394,0.14246694138273597,177.5717375180102
322,16.113120500789954,True,16,0.003351380796393688,0.2000824143909432,0.15449914778582752,177.8381282099872
323,17.508677764143794,True,9,0.028033366192082812,0.19908200231898848,0.13042308245268133,177.9536821579968
324,13.582964232633822,True,20,0.012861687740734706,0.19808659230739353,0.1070573715493083,178.24805149401072
325,16.515938930260017,True,15,0.0009421857322080285,0.19709615934585656,0.1677401972313722,178.4200547930086
326,13.821331330027897,True,20,0.004178980410738609,0.19611067854912728,0.18769448036327957,178.64582279499155
327,17.701589329820127,True,9,0.0037805183586553937,0.19513012515638165,0.19132689096861416,178.75095798599068
328,16.190207227878272,True,19,0.01478613278420457,0.19415447453059972,0.12775873422230544,179.07116948699695
329,16.018772795615952,True,17,0.00047621925643082097,0.19318370215794672,0.12687676158898017,179.3237293770071
330,15.118629860121292,True,19,0.007009601625409312,0.192217783647157,0.12096584166743253,179.5865289249923
331,14.92438088869676,True,19,0.006102307917916661,0.1912566947289212,0.14568023677719266,179.84149458800675
332,15.758627195688314,True,18,0.004514621378672146,0.1903004112552766,0.17004165063715643,180.14168607001193
333,12.875519048632121,True,22,0.0065980516069654715,0.18934890919900021,0.14645147323608398,180.44798975100275
334,11.837279793736524,True,22,0.028325213217497036,0.18840216465300522,0.13769999459724536,180.82959568599472
335,16.950487607438117,True,13,0.023629090741248526,0.18746015382974018,0.16478590323374823,180.99486961300136
336,12.724827506189467,True,21,0.01639020546878045,0.1865228530605915,0.1945007477133047,181.32775317199412
337,15.30640371730551,True,18,0.0062122390351335155,0.18559023879528855,0.13300461187544796,181.52794246800477
338,13.331493300106377,True,26,0.007254286566175994,0.1846622876013121,0.15415514876636174,181.82217927000602
339,11.616796922741923,True,24,0.013756511282885353,0.18373897616330553,0.13548604724928737,182.17992528199102
340,12.577453930699267,True,22,0.003991132276420339,0.182820281282489,0.12430816584012726,182.56583467999008
341,11.534142962703482,True,22,0.01070322664437462,0.18190617987607657,0.18685795078900727,182.87353234400507
342,13.850262969487812,True,21,0.007121132020010246,0.18099664897669618,0.14989828043395564,183.16235583799426
343,17.15572677780874,True,13,0.0014611849204386462,0.1800916657318127,0.14370128856255457,183.36453879400506
344,15.049919177405535,True,25,0.00533437597134756,0.17919120740315364,0.13484765216708183,183.80852859199513
345,14.904547814023681,True,19,0.006183243772724556,0.17829525136613786,0.1696304131887461,184.08569386100862
346,10.53186201187782,True,25,0.011605717198792664,0.17740377510930716,0.13386822558939457,184.40478121500928
347,14.817306657368317,True,20,0.0031819425930439404,0.17651675623376062,0.13213615715503693,184.6986999750079
348,17.25012972461991,True,12,0.0026460417699584182,0.1756341724525918,0.11903075641021132,184.82472246600082
349,12.51325901565142,True,23,0.002720299640587065,0.17475600159032884,0.17047806391897408,185.11129246500786
350,17.003595024172682,True,14,0.0015128819461424636,0.17388222158237718,0.14377796756369726,185.40103217901196
351,13.030025324085727,True,22,0.002463564373693994,0.1730128104744653,0.12805848052217203,185.72365599501063
352,17.334694647352443,True,11,0.006546635774065432,0.17214774642209296,0.1565381491726095,185.88372494099895
353,17.37222870318219,True,12,0.011613961275734858,0.1712870076899825,0.1640803754950563,186.04382128998986
354,17.670672995806672,True,9,0.01130452307105713,0.17043057265153258,0.11430489292575254,186.18670288700378
355,17.64523782946635,True,8,0.0013016891194502084,0.16957841978827493,0.13380785752087831,186.31175245001214
356,15.267954580301012,True,18,1.6501311966898857e-05,0.16873052768933355,0.16804353996283478,186.53855052799918
357,14.831641042523552,True,19,0.00042456027364473625,0.1678868750508869,0.18796358924163015,186.77254454698414
358,17.706270891765598,True,8,0.0072974234552314055,0.16704744067563246,0.16392751690000296,186.8879579489876
359,17.157448349520564,True,12,0.006525612298586031,0.1662122034722543,0.18277894596879682,187.05465996300336
360,10.938822562480345,True,24,0.014035774007620683,0.16538114245489302,0.1617307618726045,187.37708215400926
361,12.859018176893006,True,21,0.0052760672049184665,0.16455423674261854,0.16491306191753774,187.62088805399253
362,13.363935464376118,True,20,0.0005332609070989314,0.16373146555890544,0.20394150726497173,187.8471895850089
363,12.166340142441912,True,22,0.0036030213699433933,0.16291280823111093,0.18634290231222456,188.18767976399977
364,16.68872994724079,True,14,0.0004786773527992172,0.16209824418995536,0.1717983094443168,188.42803146099322
365,17.2979359280318,True,12,0.0032069608503562386,0.16128775296900558,0.12181227126469214,188.5870591409912
366,15.099906681623542,True,19,0.0071909731640088514,0.16048131420416054,0.17278251169543518,188.82057187901228
367,16.433980573015287,True,15,0.0025000401590856147,0.15967890763313974,0.18942656815052034,189.01390066801105
368,16.624583805527074,True,15,0.0006281009978981733,0.15888051309497406,0.1755320556461811,189.30112405400723
369,12.434031120268628,True,21,0.02411617196316196,0.1580861105294992,0.1159123946868238,189.5475402130105
370,15.375863843318076,True,17,0.0035964463322362694,0.1572956799768517,0.17023350145010388,189.7443731430103
371,15.760180834273342,True,16,0.003875886893669689,0.15650920157696743,0.17584939044900239,189.9309327820083
372,16.79973456276348,True,15,0.0055018028502681615,0.1557266555690826,0.14465267372628052,190.1014087999938
373,16.192228962760417,True,15,0.01356425353966395,0.1549480222912372,0.1768300289909045,190.3149313259928
374,14.159914637202746,True,20,0.0009496423642471052,0.15417328217978102,0.19107500212267042,190.70948309698724
375,13.375843270029872,True,22,0.006851524529813524,0.1534024157688821,0.12439928339286284,191.0283712609962
376,11.85756378530059,True,23,0.004612900320046132,0.1526354036900377,0.1510983215563971,191.37715378100984
377,19.984282486140728,True,15,0.017331032144196692,0.1518722266715875,0.15009172409772872,191.57248392200563
378,16.97426578601444,True,13,0.00801180842781099,0.15111286553822956,0.13560307083221582,191.71559670200804
379,15.41065426801797,True,19,0.0063998228549843605,0.15035730121053842,0.11839352950061623,191.9681571330002
380,17.659684660460336,True,10,0.0013440793471937024,0.14960551470448571,0.18929200284183026,192.08992793198559
381,12.25599277196452,True,22,0.0010840997627039606,0.14885748713096328,0.17836822772567923,192.38260460298625
382,14.52808733654674,True,18,0.0019140726681302067,0.14811319969530845,0.13366042325894037,192.62446769000962
383,17.764529672358186,True,8,0.006863065827675943,0.1473726336968319,0.11029533296823502,192.7542944010056
384,16.828467788454144,True,14,0.004199613554932868,0.14663577052834775,0.1750555285917861,193.02553577898652
385,11.174771948391571,True,23,0.0009183448380898351,0.14590259167570602,0.18605611116989798,193.4273922680004
386,15.613633749622386,True,18,0.0035011842898871604,0.1451730787173275,0.15024767195185026,193.71275051898556
387,11.008154262905009,True,24,0.005163285957797581,0.14444721332374086,0.17497956209505597,194.0990844570042
388,13.257195310899988,True,20,0.01051300392996457,0.14372497725712216,0.20486290510743857,194.37995194399264
389,12.210450589386165,True,25,0.0001884907588337592,0.14300635237083656,0.16639286167919637,194.69328161000158
390,16.94291836846387,True,14,0.0026695256237176113,0.14229132060898236,0.21775169989892415,194.85678965298575
391,13.38542146445252,True,20,0.004373504978980813,0.14157986400593744,0.17073109298944472,195.171330571
392,17.271444522833917,True,12,0.003648951340623513,0.14087196468590776,0.17451232500995198,195.35342414901243
393,16.15291924944686,True,17,0.007720591902061591,0.14016760486247823,0.17073141991653862,195.58186975101125
394,11.124318708607461,True,23,0.005600153096114391,0.13946676683816583,0.15294237070433472,196.0152984939923
395,17.575313434004784,True,10,0.004540636306210266,0.138769433003975,0.21073517426848412,196.1642770099861
396,13.55158030471066,True,21,0.018103862900055945,0.13807558583895513,0.16874823887788115,196.47461000600015
397,16.23475314937532,True,16,0.010815006734024968,0.13738520790976036,0.16093064716551453,196.67545677398448
398,17.582565056579188,True,10,0.008420967929822498,0.13669828187021155,0.17732539921998977,196.8499943180068
399,17.60195352427545,True,11,4.076518207861424e-05,0.13601479046086049,0.14178002287041058,196.98908148499322
400,16.15302753497963,True,16,0.0028494164492983143,0.1353347165085562,0.11205327732022852,197.21517604100518
401,12.565728611277882,True,22,0.00844860516291046,0.1346580429260134,0.19682715308259835,197.5188172920025
402,15.006588599234238,True,18,0.00022857393456249264,0.13398475271138335,0.1260410492411918,197.72059977799654
403,13.047321167984045,True,19,0.03160247800725324,0.13331482894782642,0.15157310076450048,197.94690325998818
404,9.213983997516335,True,25,0.011834779711010324,0.13264825480308728,0.17125713534653186,198.26311559899477
405,12.679543533502146,True,22,0.016552804398759502,0.13198501352907185,0.17162196863103996,198.59888330698595
406,15.379786594491451,True,18,0.019920700310318173,0.1313250884614265,0.18891049962904718,198.81364253201173
407,13.872310073929839,True,21,0.01147180398051606,0.13066846301911936,0.1659427078529483,199.09922640101286
408,12.663539549411507,True,22,0.0002274593293856153,0.13001512070402377,0.2304601330648769,199.38206252400414
409,10.924621527455749,True,23,0.009778146915846775,0.12936504510050365,0.17411555997703387,199.79642225900898
410,16.45817580963485,True,15,0.0021526765325012853,0.12871821987500112,0.18030172636111577,200.00223635399016
411,16.66220834138803,True,16,0.0021615690460962678,0.12807462877562611,0.11371617193799466,200.23198987200158
412,15.234955541859382,True,30,0.0008054569090680808,0.12743425563174798,0.15447656145940225,200.69629921601154
413,14.411891250754707,True,27,0.008861904912850327,0.12679708435358925,0.16927003715601233,201.06471854800475
414,10.606057319894898,True,24,0.000836690271843632,0.1261630989318213,0.15288457864274582,201.43019750900567
415,15.400844132521888,True,18,0.00037539811895043185,0.1255322834371622,0.1866142223071721,201.63467043399578
416,13.38236865552608,True,21,0.006518547083707027,0.12490462201997637,0.23327415498594442,201.9934766519873
417,15.239787686883938,True,18,0.0048625679927166154,0.1242800989098765,0.17438670620322227,202.23442718500155
418,13.615332499332725,True,21,0.008942287248261904,0.12365869841532712,0.15787937838052,202.52947184999357
419,12.830133309948724,True,20,0.002009184309177181,0.12304040492325048,0.18766488078981639,202.77431277401047
420,16.72932998361066,True,14,0.007912661351603123,0.12242520289863423,0.18395948223769665,203.0301395849965
421,11.53459710671159,True,22,0.011247724161784767,0.12181307688414106,0.16161596233194525,203.34559272800107
422,9.804230938508407,True,25,0.013671794801991766,0.12120401149972035,0.11267752461135387,203.6269394500123
423,12.048284222185611,True,22,0.013305195872431397,0.12059799144222175,0.1844720649956302,203.87280098401243
424,17.11559063288587,True,13,0.00334528036772766,0.11999500148501063,0.17591247951182035,204.03480289300205
425,14.610162673698504,True,18,0.007458842088680306,0.11939502647758558,0.13188992564876875,204.3619814220001
426,15.4246157720685,True,18,0.004472917765245499,0.11879805134519765,0.14892832479543155,204.63054818598903
427,13.650514103844761,True,20,0.012062007756813653,0.11820406108847166,0.17089024716988205,204.99119943499682
428,12.117668199259787,True,22,0.006333250715016225,0.1176130407830293,0.17279276708987626,205.3301685859915
429,14.619926426792517,True,19,0.0017152319128436178,0.11702497557911415,0.15098552229373077,205.5791893269925
430,11.483195222355425,True,24,0.010782741896316894,0.11643985070121858,0.1883432751055807,205.86364994200994
431,15.305745596857742,True,17,0.001821873294336529,0.11585765144771248,0.19461973767508478,206.15931800400722
432,16.0686571552651,True,17,0.0017568267861662323,0.11527836319047392,0.19862397990244277,206.42719037798815
433,14.165033822628903,True,19,0.008569751126133673,0.11470197137452155,0.1679877118256531,206.69409472800908
434,18.384583930420924,True,30,0.0003105214742975537,0.11412846151764894,0.18044342945019404,207.08884417801164
435,14.617467087623663,True,19,0.0012762339845565074,0.1135578192100607,0.15777527864434218,207.347950321011
436,13.342134498665109,True,21,0.002775013864412368,0.11299003011401039,0.18343337164038703,207.64590477698948
437,17.67978357365355,True,8,0.0005092590772731182,0.11242507996344034,0.20239044958725572,207.764916938002
438,15.540547561529092,True,16,0.004431472944875781,0.11186295456362313,0.20498198620043695,207.97437717299908
439,16.823367210431023,True,13,0.0029427238170784686,0.11130363979080501,0.17444463131519464,208.17028786000446
440,13.430296596919653,True,29,0.0038772702859075636,0.11074712159185099,0.12610091757157754,208.4941387590079
441,13.35680872334633,True,21,0.009587723299484319,0.11019338598389174,0.144457283208058,208.7772749029973
442,15.862222129030851,True,17,0.0003422990299568607,0.10964241905397228,0.2190962216871626,208.99150535400258
443,14.289737222227268,True,20,0.0016182736761710115,0.10909420695870241,0.17034063814207911,209.26909918300225
444,15.62044026525691,True,16,0.027428071761545603,0.1085487359239089,0.2120869706850499,209.47598448599456
445,13.77585797640495,True,22,0.002953966215511472,0.10800599224428936,0.17975051447071813,209.74396077299025
446,11.063738628476859,True,23,0.004128125287700124,0.10746596228306791,0.1918048478015091,210.16009598399978
447,17.17622053276282,True,13,0.0019877485791623406,0.10692863247165257,0.1391001883894205,210.3698610579886
448,11.719979566056281,True,23,0.003530965219897819,0.1063939893092943,0.17409970562743105,210.77587136198417
449,17.070765542041045,True,13,0.006204407318506966,0.10586201936274783,0.1424924497707532,210.9634319700126
450,11.992667612014339,True,21,0.0034307464702514334,0.10533270926593409,0.16101793465869768,211.29636244199355
451,12.815448104206007,True,22,0.0031729659588294323,0.10480604571960442,0.16872972444715825,211.54610097498517
452,15.337492513901088,True,19,0.001963973130296115,0.1042820154910064,0.16120990444170802,211.7467169649899
453,14.164113845294924,True,19,0.004977658177175104,0.10376060541355137,0.17286422309514723,211.97603815799812
454,12.660945163830183,True,22,0.0014058540718220325,0.1032418023864836,0.16834448811344124,212.33813108300092
455,13.59339400108438,True,22,0.0018242284047650381,0.10272559337455119,0.15289277024567127,212.63142033098848
456,10.212843257561326,True,23,0.00297052779609297,0.10221196540767843,0.1479212700024895,212.98404433499672
457,17.700440433656333,True,10,0.003893355378210575,0.10170090558064004,0.1680583979934454,213.10635651799385
458,15.007841210845799,True,18,0.004679994207702209,0.10119240105273684,0.20425816542572445,213.37372052000137
459,16.973817490483633,True,14,0.004490709472292298,0.10068643904747315,0.16728180034884385,213.58946836099494
460,17.307046061661094,True,12,0.002067882326764567,0.10018300685223579,0.1785823063304027,213.7661089549947
461,13.707023024512456,True,20,0.0033283887067298012,0.0996820918179746,0.15396102434024214,214.01643375799176
462,11.507949592976365,True,23,0.006995193062380056,0.09918368135888474,0.16929382393541542,214.32666469100513
463,15.354817418335006,True,20,0.0009020200194719274,0.09868776295209031,0.15409722765907646,214.62251016800292
464,17.11512258928269,True,13,0.021724000856070944,0.09819432413732986,0.18174653844191477,214.84637655699044
465,15.918197040818631,True,15,0.011751043604413813,0.09770335251664321,0.17236301178733507,215.0666839859914
466,16.85363429491408,True,15,0.0018034031199035683,0.09721483575406,0.20105781977375348,215.32872920201044
467,12.039180296473205,True,22,0.022471725406415177,0.09672876157528969,0.18859793736853384,215.64403329000925
468,13.558024319959804,True,21,0.003007945304914106,0.09624511776741324,0.16838427934618222,215.94403500299086
469,17.67321134491358,True,8,0.0006414762956909997,0.09576389217857617,0.1854207464493811,216.05335681000724
470,17.396350303761572,True,12,0.00010278048744763457,0.09528507271768329,0.14588321916138133,216.20374481700128
471,17.574187974724918,True,8,0.0261827124883671,0.09480864735409487,0.12288199993781745,216.3607727799972
472,11.729510738077806,True,24,0.00885586092135393,0.0943346041173244,0.16144011705182493,216.74047207800322
473,14.042884480147041,True,27,0.019082671972046494,0.09386293109673778,0.19020809426351828,217.13304573800997
474,15.769144214235713,True,17,0.007438340343661698,0.09339361644125409,0.19213009505149195,217.32888210899546
475,16.098841684684157,True,15,0.02341529762839767,0.09292664835904782,0.20513119300206503,217.49113414698513
476,17.288287473563106,True,13,0.0039062129571364873,0.09246201511725258,0.1550382004620937,217.64487638600986
477,16.82374163211789,True,15,0.00249617370913513,0.09199970504166631,0.2111327947427829,217.82843417298864
478,17.000255324610045,True,14,0.0016002339134383314,0.09153970651645797,0.1842867803892919,218.02588795300107
479,17.20259149428457,True,12,0.006669633073576792,0.09108200798387568,0.1913519660010934,218.26208663301077
480,17.339306587219472,True,12,0.0021867072003459165,0.0906265979439563,0.15314936637878418,218.41625652799848
481,15.001281966944225,True,18,0.0007608643509368629,0.09017346495423652,0.14957720237887567,218.6848614900082
482,17.21639024283504,True,12,0.006225496266919428,0.08972259762946533,0.18754501563186446,218.8198298070056
483,16.04689333923816,True,16,0.008198096433199187,0.089273984641318,0.16035840986296535,219.08000307998736
484,10.85753117291606,True,30,0.006581987260090183,0.0888276147181114,0.16142763675500948,219.535696284991
485,17.307025905977934,True,12,0.002804689836314045,0.08838347664452084,0.20434715350468954,219.6910222529841
486,17.53533083354123,True,8,0.0008508570188818718,0.08794155926129824,0.23521310277283192,219.79950540600112
487,15.177339926781134,True,17,0.002368472544897915,0.08750185146499175,0.1540860005599611,220.03894261899404
488,17.522561306040735,True,11,0.002750017396405735,0.08706434220766679,0.21527076648040253,220.2388528950105
489,17.45938537985785,True,11,0.00012845575183452473,0.08662902049662846,0.17323915101587772,220.41184640699066
490,15.756829080311581,True,18,5.6517794239485664e-05,0.08619587539414532,0.19921452107114923,220.7127980059886
491,16.65182791724801,True,15,0.008387744495879729,0.08576489601717459,0.2127772431820631,220.9205295589927
492,16.57496640824247,True,15,0.002014316503576169,0.08533607153708872,0.17333374358713627,221.10254449798958
493,16.455473396950403,True,15,0.005723927086492442,0.08490939117940327,0.2156241306414207,221.35688767398824
494,14.561398422159254,True,19,0.003715927328457047,0.08448484422350626,0.1888435935895694,221.60595759100397
495,17.413035250990653,True,10,0.0031752253686359727,0.08406242000238873,0.2294174140319228,221.72458141099196
496,17.4739536676032,True,11,0.009218188365934799,0.08364210790237678,0.2198527150533416,221.87650019099237
497,17.08830235901987,True,14,0.0007754448576865469,0.0832238973628649,0.19857592774288996,222.0843435569841
498,16.71613531592302,True,15,0.008774093539568567,0.08280777787605056,0.14273171325524647,222.27172546699876
499,17.864913844247347,True,8,0.005407677800127044,0.08239373898667031,0.1421299900393933,222.3611675419961
500,15.573451292095706,True,16,0.00045744464639857485,0.08198177029173696,0.16945910931099206,222.65051278998726
501,13.14409399216529,True,21,0.0015050183390179495,0.08157186144027828,0.2213818874387514,222.9406019320013
502,12.605518356687389,True,21,0.0009797234689218337,0.0811640021330769,0.12982593139722234,223.2257216529979
503,17.95349855720997,True,8,0.005812680292958783,0.08075818212241151,0.14547586115077138,223.3226798659889
504,17.58785197015386,True,8,0.004103427852604924,0.08035439121179945,0.2275924375280738,223.42710161200375
505,14.836467879079283,True,18,0.004050935109917719,0.07995261925574046,0.1794998107684983,223.70808641600888
506,16.20208235606551,True,15,0.0031323975313477526,0.07955285615946175,0.22987243483463923,223.9283861379954
507,14.822215106492513,True,25,0.00014376805249260993,0.07915509187866444,0.19972606435418128,224.25968612800352
508,17.61625631325878,True,8,0.002616384187214875,0.07875931641927113,0.1860482059419155,224.37918385700323
509,13.273012495436705,True,21,0.0029818354744743925,0.07836551983717477,0.19959996037539982,224.68949252500897
510,11.872903584814049,True,23,0.0028674378575723747,0.07797369223798889,0.20569815073648226,225.04102784299175
511,14.128326917410597,True,19,5.954600075197547e-05,0.07758382377679894,0.1921509351385267,225.31812476200867
512,11.838926236261614,True,23,0.0016053368763903064,0.07719590465791494,0.1779147435951492,225.6049915009935
513,15.811974932951852,True,16,0.02937582935617561,0.07680992513462537,0.18185742537025362,225.82265029399423
514,16.538656088639982,True,15,0.001595942503251846,0.07642587550895225,0.21183120782176654,226.039051928994
515,14.44346230335068,True,19,0.0006634631828926763,0.07604374613140748,0.19421614177132906,226.3072913409851
516,16.415788042265923,True,15,0.0014021839087882682,0.07566352740075044,0.14542999664942424,226.50963652099017
517,15.591305213002489,True,17,0.0020773824685551556,0.07528520976374668,0.20826458602267153,226.7763187380042
518,11.30508732086164,True,23,0.00031226231441272567,0.07490878371492794,0.1749036980225988,227.14718877201085
519,14.180157520389184,True,19,0.002263748915606101,0.0745342397963533,0.1674218040547873,227.4334492360067
520,12.484289404726587,True,22,0.00864562902119026,0.07416156859737154,0.18501115717332473,227.71419837599387
521,16.74804021618329,True,14,0.012737070781510179,0.07379076075438468,0.1755186803638935,227.8847448170127
522,12.882846581097692,True,22,0.008811210476101006,0.07342180695061275,0.20233661291951482,228.26673210499575
523,17.29904972165823,True,12,0.007483610863324663,0.07305469791585968,0.20284073675672212,228.407714372006
524,13.167893405584618,True,21,0.01120379274104788,0.07268942442628039,0.21247021738617194,228.63904825699865
525,16.87105251371395,True,14,0.005633676715137481,0.07232597730414898,0.16243260699723447,228.81137140700594
526,11.863039606893473,True,22,9.776161441898967e-05,0.07196434741762824,0.14043971565975386,229.0688998689875
527,11.157908963155933,True,23,0.003464939321087601,0.0716045256805401,0.2035765761266584,229.4607789189904
528,15.047328445524908,True,18,0.008835319446143963,0.0712465030521374,0.17438938427302572,229.7967144959839
529,16.142275073658674,True,16,0.011561026756845061,0.0708902705368767,0.1954160954337567,230.00757607398555
530,22.820763169985728,True,27,0.009409810037852573,0.07053581918419231,0.18458797382535758,230.4260803530051
531,16.170200761081652,True,16,0.0026707816557262065,0.07018314008827135,0.17797941842582077,230.72233796698856
532,17.10533117115847,True,13,0.004145521104341299,0.06983222438783,0.20495407455242598,230.90933964200667
533,16.631219822820277,True,14,0.003349562197791811,0.06948306326589085,0.1942101517426116,231.07834110199474
534,10.449544641911052,True,24,0.0007810626439244128,0.0691356479495614,0.22956150320048133,231.50934834999498
535,15.055020036251516,True,18,0.003897484261652817,0.06878996970981359,0.18427433932407034,231.7789883360092
536,17.45368831921369,True,8,0.016657857551114326,0.06844601986126451,0.24384401785209775,231.89155906400993
537,13.76899327780702,True,20,0.0009006049271551575,0.06810378976195819,0.174331299867481,232.18869448101032
538,12.641485723108053,True,23,0.006079031157928072,0.0677632708131484,0.19363446404104648,232.51445796201006
539,14.111762642220128,True,19,0.001104581370039437,0.06742445445908266,0.1984472606135042,232.79667442600476
540,10.953778840485029,True,23,0.005424864129117024,0.06708733218678724,0.21908775061045005,233.1523052160046
541,17.411757841333745,True,10,0.001836807695401177,0.0667518955258533,0.23201915565878153,233.28533894900465
542,13.908763356367125,True,20,0.014165776038973843,0.06641813604822402,0.22677612137049435,233.51053291201242
543,11.097714301757515,True,23,0.011627218407788464,0.0660860453679829,0.15573555814183276,233.81405147898477
544,13.596274762391111,True,20,0.006787337985989295,0.06575561514114299,0.16337996125221252,234.08683183399262
545,17.653168562939392,True,10,0.003954334963478176,0.06542683706543727,0.15464923717081547,234.26773019199027
546,17.113607125892305,True,13,0.0020783587447188168,0.06509970288011008,0.1604568283431805,234.43958248599665
547,12.653291999400244,True,21,0.00021999945093242879,0.06477420436570952,0.20850605677281106,234.7009823039989
548,15.27493827965227,True,17,0.00798598545284529,0.06445033334388098,0.13869045444709413,234.98013000699575
549,17.4694922443392,True,12,0.0004288604618234021,0.06412808167716157,0.15840204417084655,235.14727274799952
550,17.695135513856076,True,9,0.007024636255899899,0.06380744126877576,0.16180854332115915,235.28305230400292
551,13.72760872854851,True,20,0.0049347930090680725,0.06348840406243188,0.2546353951096535,235.5701558419969
552,14.481457958940883,True,18,0.0024273311623727034,0.06317096204211972,0.17721956978655523,235.83128182700602
553,12.733106364496052,True,21,0.008996748744735994,0.06285510723190912,0.1984742203106483,236.16577825899003
554,12.066179387684679,True,21,0.0002469133603273388,0.06254083169574957,0.19303271777573086,236.43721212199307
555,15.208143000304698,True,17,0.011296367795831319,0.062228127537270826,0.1937845772241845,236.62391190801281
556,15.929788975429254,True,16,0.007918313273517719,0.06191698689958447,0.17776069976389408,236.7952769070107
557,17.50630015004426,True,8,0.024283863693638462,0.061607401965086545,0.23679028265178204,236.88271983500454
558,17.30819651526399,True,12,0.005764368168387685,0.06129936495526111,0.20356752102573714,237.06959614399238
559,17.574296145286645,True,8,0.0019041287311778003,0.0609928681304848,0.15203404892235994,237.24807516500005
560,12.60012765850406,True,21,0.007781322866073026,0.060687903789832374,0.19675978645682335,237.5888095049886
561,14.753327611881833,True,19,0.0003285285403305527,0.06038446427088321,0.20299986730280675,237.81155446099
562,12.213147716534149,True,24,0.005355430627400959,0.06008254194952879,0.21700558819187185,238.14616850798484
563,16.83805004961323,True,14,0.008681343960215582,0.05978212923978115,0.16535852716437408,238.40823695799918
564,16.85565281168092,True,15,0.0016688349422483428,0.05948321859358224,0.15190537770589194,238.64593925100053
565,16.385514978038554,True,15,0.010779707706370212,0.05918580250061433,0.20436228513717652,238.82643423299305
566,15.184430573930149,True,17,0.0024354431458031844,0.058889873488111255,0.20651593322263045,239.04472501200507
567,12.268796050851233,True,22,0.0025842053409022014,0.058595424120670696,0.15069542825222015,239.3383550499857
568,16.95356265520677,True,13,0.0073189225463511365,0.05830244700006734,0.16635461137271845,239.50304818499717
569,17.64319731418509,True,9,0.00924000959992325,0.058010934765067,0.1838222826934523,239.62532832598663
570,16.3014872080239,True,16,0.012897287205423769,0.05772088009124167,0.18480071984231472,239.83760232498753
571,13.970799196977168,True,19,0.003506239272099587,0.05743227569078546,0.17486427018516942,240.076617187995
572,17.588715057680382,True,8,0.002348636581032279,0.05714511431233153,0.21141969691962004,240.20047703300952
573,15.286381885735318,True,18,0.0041446197746159985,0.05685938874076987,0.20010978707836735,240.43036351399496
574,13.797981931050892,True,20,0.0024861664729487476,0.056575091797066025,0.15926523134112358,240.85492401299416
575,17.77763816023944,True,8,0.0003831524443132419,0.056292216338080694,0.2259887419641018,240.96851022800547
576,12.8752015022852,True,20,0.00979993319545791,0.05601075525639029,0.2079983949661255,241.2487864359864
577,17.350581033527853,True,12,0.0014335443373166001,0.05573070148010834,0.1400035573169589,241.38141681801062
578,13.949340389482677,True,19,0.008602038049782657,0.0554520479727078,0.20122762563589372,241.67434496499482
579,16.67696634954773,True,14,0.004702496241890841,0.05517478773284426,0.16144891056631291,241.88374589200248
580,17.984857069328427,True,8,0.001892866349623601,0.05489891379418004,0.1452324604615569,241.99731660398538
581,17.646163694153074,True,9,0.006052770606161065,0.05462441922520914,0.19138268878062567,242.10788172800676
582,12.725296718208119,True,21,0.006304306840463347,0.0543512971290831,0.21587410001527696,242.3898003489885
583,17.29078934931895,True,13,0.0012017819304784016,0.05407954064343768,0.20247488941710728,242.55688099301187
584,12.67224029036006,True,22,0.011904686768193673,0.05380914294022049,0.14005843795497308,242.8057123280014
585,16.69224335624167,True,14,0.004940388878599572,0.05354009722551939,0.24460492549198015,243.0765478129906
586,14.32046545970952,True,19,0.005455092582839605,0.05327239673939179,0.2416144171239514,243.36271438500262
587,16.529742760118097,True,15,0.007679103924613961,0.053006034755694834,0.18312954530119896,243.5510689849907
588,14.812727720540716,True,18,0.00031285893382043684,0.052741004581916356,0.23950313735339376,243.82952967399615
589,11.450759579730219,True,22,0.0013600996928111453,0.052477299559006776,0.17112762667238712,244.18401482899208
590,12.487926293257624,True,21,0.003569165130232199,0.052214913061211746,0.19723798955480257,244.43603544100188
591,17.4546526099788,True,10,0.005337715670144336,0.05195383849590569,0.18273667730391024,244.54790242799208
592,16.113834716356358,True,16,0.0013332657168573236,0.05169406930342616,0.15487142116762698,244.72860661300365
593,17.178880360908806,True,12,0.004739612354785011,0.05143559895690903,0.1982401559750239,244.85876881799777
594,11.140750012081117,True,22,0.003017711141152568,0.051178420962124486,0.16746413792398843,245.13742635099334
595,15.969463527924383,True,16,0.004526637457859806,0.05092252885731386,0.161684479448013,245.41921349801123
596,16.00165197479073,True,15,0.0012980000042633888,0.05066791621302729,0.1882438602546851,245.63377425799263
597,16.806808152864686,True,13,0.03233039157519901,0.05041457663196215,0.17320270993961737,245.7858122549951
598,11.219527655898128,True,21,0.0005970796825011115,0.050162503748802344,0.17688323379982085,246.11894128800486
599,16.856111077219246,True,13,0.021861735157740203,0.05,0.1942478773685602,246.31982174000586
600,17.6329276192002,True,8,0.007120014616578442,0.05,0.2034380417317152,246.44657039400772
601,15.3881791934371,True,17,0.0053557805508677725,0.05,0.25250484301325155,246.6986687160097
602,11.716852286818902,True,23,0.0067240571655295955,0.05,0.20432740903418997,247.00645109900506
603,16.06398348932853,True,16,0.0026751960698307986,0.05,0.1779650361277163,247.2343811269966
604,11.649815351003781,True,22,0.01349859641839568,0.05,0.22122335306961427,247.55090656501125
605,15.160381340119056,True,18,0.0033503653626054675,0.05,0.20419997452861732,247.82127630201285
606,13.680234601919075,True,20,0.0006326019697842078,0.05,0.18194238180294633,248.05788287700852
607,13.306902199424803,True,20,0.003465632949331443,0.05,0.21853300668299197,248.3490176589985
608,15.575939740194007,True,16,0.00780789902068546,0.05,0.1748459009686485,248.5681604249985
609,17.335593219287695,True,11,0.00242044941450556,0.05,0.19659777188842947,248.74092526099412
610,17.65968466331251,True,10,0.0011668998937932468,0.05,0.1980206124484539,248.8709897529916
611,16.447371990326793,True,15,0.005380208536436559,0.05,0.18200084691246352,249.10211110298405
612,11.139751205802895,True,23,0.00800716585640171,0.05,0.16341122037366682,249.40068876900477
613,10.602070837840438,True,23,0.005975141130880379,0.05,0.19763408415019512,249.676340504986
614,15.902585849910974,True,16,0.00929631276557591,0.05,0.19948751153424382,249.92633494900656
615,15.64429807299748,True,16,0.002606616832916131,0.05,0.22448281920515,250.26487849801197
616,15.431367656611837,True,17,0.002111084499972271,0.05,0.18850314178887537,250.49079555898788
617,16.767183129742627,True,15,0.000688598079199132,0.05,0.17461573382218679,250.7488175650069
618,12.654510571458378,True,22,0.0006504037986690969,0.05,0.192212097262117,251.09227536298567
619,12.675230185873806,True,26,0.005391482349598631,0.05,0.211782057554676,251.49580760201206
620,14.812314723804592,True,19,0.003206485740460119,0.05,0.20418298117032177,251.72243271800107
621,17.662025255837943,True,8,0.0025001848552628787,0.05,0.2424007523804903,251.8317825559934
622,9.935975773632526,True,24,0.0030909171950974645,0.05,0.17872360286613306,252.18335028999718
623,17.72036019237712,True,9,0.0029276796773387015,0.05,0.15895401541557577,252.3297649869928
624,11.367522459401515,True,22,0.007335467030751497,0.05,0.20815516246313398,252.70222080199164
625,17.362265102664242,True,12,0.00035426577648309254,0.05,0.16908877405027548,252.87822149699787
626,14.181381389894522,True,20,0.006723269012857858,0.05,0.18565885201096535,253.18861144399852
627,12.625929766381159,True,20,0.009165855635046571,0.05,0.18906030487269163,253.4464998510084
628,17.45010582152754,True,10,0.008985970994908415,0.05,0.17849707826972008,253.55914891298744
629,14.771119299018755,True,18,0.006804890682362397,0.05,0.17972044243166843,253.77054715101258
630,12.261422172561288,True,22,0.0029916242773506685,0.05,0.2114388140087778,254.07186053300393
631,14.465694959834217,True,19,0.009084611052339597,0.05,0.1801062277273128,254.38950661200215
632,11.811905434913934,True,21,0.012038465476640114,0.05,0.16507625810447193,254.6980742260057
633,16.991779597272398,True,13,0.0002670252892111591,0.05,0.14901358691545633,254.9026697909867
634,11.28857911694795,True,23,0.011241592247216436,0.05,0.17770410515367985,255.22624933198676
635,12.831843459690571,True,21,0.003275944153282251,0.05,0.21768535753445967,255.5701918870036
636,16.463939829729497,True,15,0.0008938283170606409,0.05,0.17861505361894767,255.77160264298436
637,15.868006428843364,True,16,0.003412059843415416,0.05,0.14178662176709622,255.98578493998502
638,15.108078804332763,True,18,0.0054584997496857635,0.05,0.16354414934499395,256.25278491698555
639,13.736495101638138,True,20,0.001736328825580613,0.05,0.20932769011706115,256.50354961000266
640,15.736893627699464,True,16,0.006978932230012058,0.05,0.14723128161858767,256.66837376900367
641,14.255522918878704,True,19,0.00018336785044886783,0.05,0.22772155662900523,256.91849558000104
642,9.850761346647051,True,27,0.0014049354998888486,0.05,0.16498697638787604,257.31791685699136
643,15.186124607385135,True,17,0.009821378644490508,0.05,0.14205225151689613,257.533675654995
644,16.936219480796716,True,13,0.0018830346896146766,0.05,0.24505393837506956,257.7000569149968
645,13.810175382325543,True,19,0.006965965452608636,0.05,0.20611997889844993,258.06192757200915
646,9.612252015026751,True,25,0.0005948517307733381,0.05,0.15324300155043602,258.51460478498484
647,17.542480161022105,True,8,0.0018288572787850052,0.05,0.1979527547955513,258.61937963598757
648,16.354480489948763,True,15,0.0013571239351155007,0.05,0.17006819359958172,258.83734791900497
649,11.598120669974014,True,22,0.0008083099752741463,0.05,0.1792687461288138,259.16085625000414
650,17.10831919304328,True,12,0.004358518940343781,0.05,0.1540428145478169,259.34292992399423
651,12.450669636158272,True,21,0.0026617247716101966,0.05,0.22065406133021628,259.6063061360037
652,16.587294047605248,True,15,0.007188231476137619,0.05,0.20534836873412132,259.78210123299505
653,15.461721238493919,True,18,0.007174635521273509,0.05,0.15326374531206158,259.99049426300917
654,14.030770712159574,True,19,0.0057320400346626554,0.05,0.20392631033533498,260.33166678700945
655,16.66827161044348,True,14,0.0016681298900363128,0.05,0.1781947294782315,260.6445059629914
656,13.681952651962638,True,19,0.015424495162395524,0.05,0.19941381100369127,260.9588084279967
657,16.054047243134118,True,16,0.0028577559983913314,0.05,0.1878561230842024,261.1933424230083
658,17.236825231072725,True,12,0.018601014766000207,0.05,0.2298319892336925,261.3405408739927
659,17.00309674141463,True,13,0.0037482629921248567,0.05,0.12863529530855325,261.5485187500017
660,15.844112723309081,True,16,0.0036464933450488513,0.05,0.16164539684541523,261.7644979559991
661,12.584043537382968,True,22,0.016768793251200398,0.05,0.2010641052302989,262.0607446960057
662,13.949350103875622,True,19,0.03285363249481488,0.05,0.2063011680974772,262.331693479995
663,12.726757677085697,True,21,0.01529095522371604,0.05,0.19987573989090465,262.65451334099635
664,16.10874565577833,True,17,0.0012096826650376258,0.05,0.1757807505919653,262.87327330501284
665,15.553897830157075,True,18,0.006414221975844681,0.05,0.16811620361275142,263.14496728399536
666,14.227127993619069,True,20,0.0016696568661611066,0.05,0.178290827665478,263.4091846010124
667,10.930981339327992,True,23,0.010356323567804915,0.05,0.1730894290882608,263.7153844219865
668,16.04492557675112,True,15,0.0039025598768170355,0.05,0.17114945302406948,263.9663889379881
669,17.112148684589194,True,12,0.0031726337827652495,0.05,0.19011414361496767,264.14986666000914
670,13.651666389871389,True,21,0.006350703875259933,0.05,0.20309249870479107,264.39758295199135
671,17.393934526480734,True,11,0.0005692690357773783,0.05,0.2041407296942039,264.51769151500775
672,10.762323427619412,True,22,0.0011687415851047156,0.05,0.20918617956340313,264.84129837798537
673,16.211812848335832,True,16,0.00044091968924830915,0.05,0.2151291542686522,265.0361791680043
674,17.21053794535692,True,13,0.0025258417719025705,0.05,0.19237155223695132,265.2203876840067
675,17.00840282596182,True,13,0.004845170580404151,0.05,0.17808873636218217,265.3946432179946
676,12.628299327450804,True,21,0.010927152645040294,0.05,0.16858112022635482,265.64351195900235
677,17.868099112156777,True,8,0.004033847308451615,0.05,0.23483894881792367,265.752344670007
678,13.496232316736133,True,20,0.012734014973024399,0.05,0.18274868885055184,266.0350500670029
679,16.640723943570627,True,15,0.014347171046799861,0.05,0.16694297529757024,266.28358946499065
680,12.230525420945195,True,22,4.073714647556681e-05,0.05,0.19678930675780232,266.59073540900135
681,13.7881237819558,True,20,0.006554914857321181,0.05,0.17835471499711275,266.8610595109931
682,11.371045496989973,True,23,0.0019139487994509485,0.05,0.20192461266465808,267.23160241698497
683,17.636180289724145,True,10,0.012009220156777953,0.05,0.24175562281161547,267.35710137398564
684,16.912648220849224,True,14,0.008218719040100603,0.05,0.22470478394201823,267.5160009319952
685,16.655766235664487,True,14,0.0040590605283942205,0.05,0.20974830365074532,267.67640058198594
686,17.365023472579196,True,11,0.003781164865369141,0.05,0.16715798831798814,267.80671542999335
687,10.829839428514243,True,23,0.0022587069431336815,0.05,0.17883255348905272,268.10017724501085
688,15.419078825321048,True,18,0.005181247182255377,0.05,0.20452802390274075,268.44373584899586
689,17.66513313157484,True,10,0.008923677976782167,0.05,0.18197349291294812,268.5815335990046
690,14.98578665066161,True,20,0.0015868313246104049,0.05,0.17243749536573888,268.82581174300867
691,11.88196422441397,True,23,0.006497546998934345,0.05,0.15774140442195145,269.13951037998777
692,15.402837472711688,True,18,0.0002920506316921312,0.05,0.17822365804264942,269.4246734199987
693,16.42738632839173,True,15,0.0015776888003255496,0.05,0.21238900857667128,269.6399816109915
694,12.874352363310756,True,21,0.0007105984453522618,0.05,0.176295844571931,269.91961703498964
695,17.633128522429615,True,9,0.00818252829164507,0.05,0.19936898599068323,270.02909191598883
696,15.632935314582573,True,17,5.616864200214122e-05,0.05,0.21127745070878198,270.2609585520113
697,17.236301148007623,True,12,0.0052561470973650215,0.05,0.20487690716981888,270.40152306100936
698,16.771444892301226,True,15,0.0009183369144212805,0.05,0.16652584274609883,270.7072447639948
699,16.214729920343963,True,16,0.0012436100139198714,0.05,0.18815069715492427,271.0063024039846
700,15.41007969181519,True,18,0.001725386348808422,0.05,0.17400363843060201,271.2536092399969
701,16.433395023806952,True,15,0.0011936616190947325,0.05,0.19411062362293402,271.45586123899557
702,14.117535105952992,True,20,0.0010771344764135549,0.05,0.18349470514804125,271.7829632119974
703,12.934163132030516,True,21,0.01366177920757039,0.05,0.17334780753368423,272.1128082399955
704,16.021635701775082,True,16,0.008111212646457311,0.05,0.1560285957530141,272.3525693989941
705,17.489535870216788,True,11,0.003591233348202924,0.05,0.1699678831818429,272.4925633340026
706,17.507240525330417,True,21,0.0030560550900563532,0.05,0.19479113586601757,272.7593199890107
707,15.038246595161036,True,18,0.0032336922784124145,0.05,0.14469082053336832,273.0571572709887
708,17.40983719389187,True,11,0.0119647382819357,0.05,0.19748291339386592,273.25238205998903
709,17.669774178881198,True,8,0.008132808360796058,0.05,0.14280664129182696,273.3421987949987
710,11.080545754774358,True,23,0.009949195731048133,0.05,0.19628572901305946,273.60593955998775
711,16.428637022152543,True,15,0.0028315985438738256,0.05,0.2154583975672722,273.78155961001175
712,14.053206172026695,True,20,0.002523925467240451,0.05,0.17472799103707076,274.08838915699744
713,12.961795819085092,True,21,0.003100614701428528,0.05,0.15572342489446914,274.4043424850097
714,15.03491996859666,True,18,0.008142517214975942,0.05,0.17829630689488518,274.6222215089947
715,14.551849521417171,True,18,0.003548773842935282,0.05,0.1938692331314087,274.845517734997
716,17.562943185307084,True,11,0.013422068057054495,0.05,0.1981210559606552,275.02101776900236
717,12.93284735060297,True,21,0.0012950116463309458,0.05,0.14991537933903082,275.3588397309941
718,16.765098977461456,True,15,0.00770575722980682,0.05,0.17448846741269033,275.593268297991
719,11.767398806853453,True,23,0.006242294920087765,0.05,0.20192761290008607,275.8694326039986
720,17.63640985735692,True,8,0.006365445069379751,0.05,0.19099473673850298,275.9770488690119
721,17.51866531223059,True,11,0.013576456295984168,0.05,0.19120142930610615,276.1566254720092
722,11.814208908809814,True,22,0.000986975243669308,0.05,0.18990795229646293,276.4664143729897
723,11.457055351283636,True,23,0.0005402052058529616,0.05,0.1823654124594253,276.7307779789844
724,12.982515877432888,True,21,0.0002737445936664695,0.05,0.19097751884588174,277.03548011998646
725,11.807804938079789,True,22,0.009010292658688912,0.05,0.19768174576827072,277.3486952650128
726,15.499688086283276,True,17,0.0011527735140960949,0.05,0.21582410002455993,277.59225487100775
727,12.41520237927325,True,22,0.0062278512438590505,0.05,0.18780590026554736,277.9078999320045
728,17.564230996649712,True,10,0.006478245761257884,0.05,0.17488946616649628,278.0580973229953
729,17.822052319161592,True,8,0.010765368440693614,0.05,0.19813835620880127,278.1583285300003
730,16.269559741718695,True,15,0.008104110184475821,0.05,0.2055288417885701,278.37379129001056
731,12.020285882195457,True,22,0.004318054382361214,0.05,0.18429139256477356,278.75635343400063
732,13.096535636740736,True,20,0.006890750720172534,0.05,0.25633728690445423,279.0110699890065
733,17.124231396662072,True,13,0.0018980165493782675,0.05,0.18612001864955977,279.2045509959862
734,12.342158333270344,True,22,0.0008876582269881084,0.05,0.2121873138980432,279.44888590299524
735,16.338547462254063,True,15,0.0003346358647123848,0.05,0.1866634853184223,279.69829546898836
736,15.012146263371687,True,18,0.0006380969377656198,0.05,0.18698398634377453,280.0094392450119
737,16.15625716170871,True,16,0.0026187327034632446,0.05,0.21006966719869524,280.2804250110057
738,16.74668683283962,True,16,0.004774869915726593,0.05,0.19800858513917774,280.49804204999236
739,17.39078090323601,True,12,0.00840807517662398,0.05,0.21965489660700163,280.73332668299554
740,10.78868745388463,True,23,0.005517437919816182,0.05,0.13709975252656834,281.1382460290042
741,13.325391393597236,True,20,0.0025105954615051163,0.05,0.22484846971929073,281.3846726070042
742,12.881121779972455,True,21,0.005891477900065167,0.05,0.1611370328991186,281.6040692779934
743,10.547780074039474,True,24,0.0021814903981635103,0.05,0.17445275063316026,281.89632460300345
744,17.523032849328594,True,8,0.015744182732501867,0.05,0.2475528612267226,282.01487978801015
745,17.504383663088085,True,8,0.008452278169109411,0.05,0.31207568012177944,282.19061409300775
746,16.64044079238083,True,14,0.001225512089118419,0.05,0.15769726503640413,282.411481054005
747,17.34892589399169,True,12,0.011270124404000867,0.05,0.1784358109968404,282.5806455060083
748,15.155137372179889,True,18,0.0012385469422686035,0.05,0.21937234534157646,282.7915989809844
749,14.22259973110631,True,19,0.009081043409694955,0.05,0.1997341577355799,283.13188534000074
750,15.664726101593988,True,17,0.0027500586487057554,0.05,0.16335096363635623,283.3986989640107
751,16.2242674398236,True,15,0.006012248228101036,0.05,0.27447149803241094,283.62509004201274
752,14.801560375932604,True,19,0.0038637062750483953,0.05,0.19706093461105698,283.8657002210093
753,17.566360315866767,True,8,0.01150998151284361,0.05,0.22328917309641838,283.9820458739996
754,16.068274758337065,True,16,0.010045937460965437,0.05,0.1946189630543813,284.22578710099333
755,14.419429756968746,True,19,0.010921936909633279,0.05,0.2695974231158432,284.4828552399995
756,16.554609743529,True,14,0.0091801452225857,0.05,0.21373098822576658,284.6615811100055
757,12.154464183747768,True,21,0.009685150003963194,0.05,0.19890392287856057,284.9153610270005
758,11.939405424727012,True,21,0.001102872972649882,0.05,0.17993727956144584,285.18113088500104
759,17.75599092625489,True,9,0.007408690237833596,0.05,0.20729456490112674,285.32643466000445
760,15.75540016524028,True,16,0.0020715572305330943,0.05,0.19329513178672642,285.5861701419926
761,14.058185622858582,True,19,0.0002938616913568115,0.05,0.20310029416884245,285.8150993649906
762,11.889700993942096,True,21,0.01016758036660892,0.05,0.15407430841809228,286.08891455599223
763,13.369429791625588,True,20,0.0029293918570968414,0.05,0.1968491486273706,286.3469764229958
764,12.694508416351162,True,21,0.0060102946447038175,0.05,0.2035233231172675,286.6524434830062
765,11.149524953850777,True,22,0.009191472632653408,0.05,0.18795022639361295,286.9743430549861
766,14.680149991810321,True,19,0.008851897458239832,0.05,0.21506164732732272,287.2645596539951
767,9.764484269922832,True,25,0.0013512967623868777,0.05,0.17901549458503724,287.5961747750116
768,13.1802540837205,True,21,0.005454016793565719,0.05,0.18598372347298123,287.880994681007
769,17.16632659988536,True,13,0.006891122299178931,0.05,0.13515144858795863,288.03095425400534
770,15.470070028863848,True,17,0.004095196301233228,0.05,0.20458277183420517,288.414856694988
771,17.264104687236248,True,11,0.009026664378099875,0.05,0.20147443020885641,288.5968940909952
772,17.19042555799242,True,12,0.0032028812955307573,0.05,0.26966465016206104,288.75258520100033
773,13.902661397703923,True,19,0.003709240397829716,0.05,0.24741231238371447,289.1086117590021
774,10.970817645266651,True,23,0.006466487129637821,0.05,0.14504518060256605,289.4509826609865
775,13.756445927754974,True,19,0.0026843222673582634,0.05,0.22834630702671252,289.688698012993
776,16.975687866902444,True,13,0.00312889682691625,0.05,0.24828196259645316,289.89550829300424
777,13.962549458816646,True,19,0.004482058251629506,0.05,0.20119533942718254,290.31515172700165
778,15.244842578505631,True,18,0.006146199027449617,0.05,0.20040584614293444,290.5423716309888
779,13.701587676163763,True,19,0.018309561155153475,0.05,0.1841294890955875,290.8900933210098
780,15.701398396911099,True,17,0.0027067285060249358,0.05,0.15734169358278022,291.10487142499187
781,12.027531640962115,True,22,0.0069999115901684394,0.05,0.17288413796235214,291.46800439601066
782,17.36648623775691,True,10,0.017055745149056258,0.05,0.16005181781947614,291.603982472996
783,16.9735630991403,True,13,0.002321947215114528,0.05,0.17377861947394335,291.75370771600865
784,10.346687445556745,True,27,0.0039310650656482204,0.05,0.20991481537068332,292.12352815800114
785,16.898807821341325,True,14,0.007119992328954411,0.05,0.19973795528390578,292.3543052210007
786,14.600394320598571,True,18,0.00014214279185364997,0.05,0.21663700747821066,292.6726739179867
787,16.490789626515472,True,15,0.0008404461929331086,0.05,0.17015321279565493,292.85743342500064
788,14.843210778385401,True,18,0.005372542184755857,0.05,0.18426830445726713,293.1438560890092
789,16.96530728576472,True,13,0.0071549039923065605,0.05,0.16214339864941743,293.2984756960068
790,15.102868497278541,True,18,0.0015572747743679005,0.05,0.18515093552155626,293.49430473698885
791,17.365075415954927,True,12,0.003434066645007644,0.05,0.154655785455058,293.66647341501084
792,16.317577531491406,True,15,0.008492094356674362,0.05,0.17242766569058102,293.86600733498926
793,11.93439434459433,True,23,0.0020416723274884196,0.05,0.2089887753776882,294.2117264709959
794,11.090418206807225,True,23,0.015592373978297491,0.05,0.19310400796973187,294.5449410889996
795,16.766724478348625,True,14,0.0021378017774008884,0.05,0.20008916979921715,294.78455209499225
796,11.269893320230766,True,23,0.019522365238201944,0.05,0.22740422675143118,295.10732096098945
797,14.27148436548159,True,19,0.006947501084929142,0.05,0.19216764728097538,295.3705341210007
798,17.5896417199343,True,20,0.0007918195439843845,0.05,0.17754321517422794,295.6579508119903
799,17.69198146467388,True,21,0.00023890488269612264,0.05,0.18683199407089324,295.9692545949947
800,15.573634471860714,True,17,0.0023757962007941447,0.05,0.22253428520086935,296.25108536399784
801,16.46620746017434,True,15,0.0009117310239448173,0.05,0.1732608288526535,296.42939493700396
802,12.5727335697753,True,20,0.0032105944926367203,0.05,0.23396292198449373,296.653777672007
803,17.355362503929065,True,12,0.010428932567179472,0.05,0.17993067406738797,296.78646544201183
804,13.386255852028626,True,20,7.927335755164577e-06,0.05,0.18672913778573275,297.062176618987
805,13.756512101902626,True,19,0.005532340675570846,0.05,0.2121140967662397,297.3770993700018
806,15.797745975060389,True,18,0.005942288328647627,0.05,0.24262129639585814,297.63366466999287
807,14.275006433250383,True,19,0.0038394928319271937,0.05,0.2084046445394817,297.87204921699595
808,17.616316215228288,True,8,0.007032010464034417,0.05,0.2697904580272734,297.97719922300894
809,11.139469037437811,True,22,0.0059938592960621095,0.05,0.176914478990842,298.2899599939992
810,11.114707933668978,True,23,0.001421369891830948,0.05,0.21325936881096466,298.58813447799184
811,11.215997396036983,True,22,0.004348133277945254,0.05,0.21250173991376703,298.83666093699867
812,10.368093707552179,True,23,0.0023771988063830962,0.05,0.17478993478352609,299.10416295198957
813,17.3954636503011,True,12,0.00677794778290669,0.05,0.2168284918492039,299.3467386419943
814,12.982784040691332,True,21,0.00601547272919456,0.05,0.20968528624091828,299.6729729560029
815,12.136497483309357,True,22,0.025676952242476903,0.05,0.21668943026187745,299.951336380007
816,13.451214052247815,True,20,0.001236131306449284,0.05,0.2051607146859169,300.31337213600636
817,17.674303527758457,True,9,0.004774976221823775,0.05,0.18148121982812881,300.4167270119942
818,16.93706541995052,True,13,0.0020522243127974737,0.05,0.22128492020643675,300.6153362169862
819,15.754102594796858,True,16,0.003055312829396306,0.05,0.22056525468360633,300.93088365599397
820,11.831591889075934,True,23,0.005889789150743119,0.05,0.16604655802897786,301.25778826500755
821,17.25463236623036,True,13,0.0025528676234217174,0.05,0.14954244488706955,301.4242093040084
822,16.063503728655633,True,16,0.002015839960030852,0.05,0.22647243028040975,301.67765710598906
823,16.7168954258319,True,14,0.001762176452322961,0.05,0.20696335206074373,301.8889120469976
824,14.095131831243634,True,19,0.009035535957286123,0.05,0.1910628678375169,302.1681081810093
825,11.312207406945525,True,23,0.0025940867977333193,0.05,0.21531501485277776,302.4785186549998
826,17.07877801215509,True,12,0.011750926604445766,0.05,0.22146491007879376,302.70325324099394
827,14.930781546421349,True,18,0.008600103347166321,0.05,0.1907458940727843,303.0162916549889
828,13.217132915649563,True,21,0.016606001560867,0.05,0.18556879398723444,303.31755844599684
829,15.108804968604819,True,19,0.004668909800849663,0.05,0.1559913478007442,303.5118497920048
830,17.044606038939673,True,13,0.0021407871261371336,0.05,0.22472948480684024,303.64692477398785
831,17.492489667685003,True,10,0.002453706468789521,0.05,0.18345302119851112,303.75600749099976
832,17.24232268992346,True,12,0.0036439668615267373,0.05,0.20427931658923626,303.9321623900032
833,16.497846367792228,True,15,0.008088128202446476,0.05,0.21250203636785348,304.18398638200597
834,15.214006308466196,True,19,0.008448285419711099,0.05,0.17254574724326008,304.4511796630104
835,17.553826966986527,True,11,0.0008794386111634911,0.05,0.2534333880652081,304.5864571710117
836,15.37143283651676,True,17,0.010864886504141025,0.05,0.21293238287462907,304.79714243800845
837,11.121026783646084,True,23,0.00501115366978222,0.05,0.23117819355557795,305.1352861019841
838,17.443055654486308,True,12,1.9314064371889206e-05,0.05,0.20719396074612936,305.3465452429955
839,17.570896897511556,True,8,0.00787603087964851,0.05,0.19610351510345936,305.4574257940112
840,11.223772526805988,True,23,0.006921822215366857,0.05,0.2091342354922191,305.7543186180119
841,14.612944001425056,True,19,0.012905033919057951,0.05,0.2206201296495764,305.98316543598776
842,17.738306350959466,True,8,0.0056863584343016076,0.05,0.13090980611741543,306.0999640529917
843,17.419561718450858,True,12,0.006386043879126474,0.05,0.16835385064284006,306.2836793299939
844,12.166826671094167,True,22,0.0028802553505700157,0.05,0.2004664492878047,306.56963253900176
845,13.15770072247833,True,20,0.022430654963844665,0.05,0.1559040492400527,306.7872752069961
846,17.333328130777225,True,12,0.0028434028097774344,0.05,0.19841154447446266,306.9495937140018
847,16.461858505988495,True,15,0.00015079282736446542,0.05,0.17582248635590075,307.17004664600245
848,15.610555123956873,True,22,0.0032290671696098006,0.05,0.19386784529144113,307.50177647901
849,11.622731651226058,True,22,0.015559074909194281,0.05,0.21219098000702533,307.7970105849963
850,14.474902015319094,True,19,0.003367427696695624,0.05,0.20434084505234895,308.07778203999624
851,14.580717530922264,True,19,0.00619766097550617,0.05,0.20906802776612735,308.32714805199066
852,13.630193403549491,True,19,0.0068591750258625295,0.05,0.1968993630848433,308.60443976998795
853,12.746950633253437,True,21,0.021512525053565823,0.05,0.18817079049490748,308.9476069599914
854,13.728113470226525,True,21,0.0023151205608422654,0.05,0.2293083139118694,309.26517273599165
855,17.707261941145408,True,9,0.0002441785535826149,0.05,0.14568855447901619,309.3650872819999
856,15.847294912562939,True,17,0.0003416534334771404,0.05,0.19224446212105892,309.582265051984
857,13.453077583247795,True,20,0.003739010328753456,0.05,0.2343677424825728,309.91618378000567
858,17.153824627852735,True,13,0.009011474184984075,0.05,0.24014210070555025,310.09033234699746
859,23.28523077240679,True,16,0.004678194836334075,0.05,0.19717775750905275,310.3275645360118
860,15.699399091326631,True,17,0.012954622135844307,0.05,0.20258463130277746,310.55572518499685
861,15.884294344321825,True,17,0.004115938089532256,0.05,0.17237418955739806,310.8817698250059
862,15.134188342580455,True,18,0.010074356446838684,0.05,0.18178995988435215,311.16606702300487
863,17.41944882648386,True,11,0.004084560511969232,0.05,0.19974182613871314,311.32813327299664
864,12.992433404433541,True,21,0.016852509561863238,0.05,0.1875616293400526,311.6021376780118
865,12.745162192871794,True,20,0.014034446596628669,0.05,0.20031339954584837,311.864072567987
866,13.434996921941638,True,20,0.002875078461470504,0.05,0.22469983622431755,312.2053001149907
867,14.727176207583398,True,18,0.010546490542469922,0.05,0.23691206922133765,312.42284393101
868,12.809044260904193,True,21,0.006575492930054994,0.05,0.20588889895450502,312.64739722700324
869,14.994886682124342,True,18,0.0013867107225307151,0.05,0.20090575433439678,312.8448028140119
870,15.31665411107242,True,19,0.004679544816463321,0.05,0.23909662428655123,313.19236695600557
871,11.504087987449019,True,22,0.004078137126517278,0.05,0.17755329524251548,313.5361614249996
872,11.379051430802793,True,22,0.008864717065856453,0.05,0.20236637003042482,313.8194709979871
873,16.97113774465397,True,13,0.0044286960602731296,0.05,0.21135536237404898,314.0081170859921
874,16.041568818561792,True,16,0.008432362028410023,0.05,0.18453197355847806,314.22485950100236
875,13.167945428472013,True,21,0.011553163220923257,0.05,0.21173033038420336,314.61773503301083
876,17.33243527281447,True,12,0.0022396397850188154,0.05,0.1618581172078848,314.7676346549997
877,16.499766268063105,True,15,0.002013839426863284,0.05,0.19907465477784475,314.9590929959959
878,16.9902593472274,True,13,0.002083277890841423,0.05,0.1732732318341732,315.1602544549969
879,17.326471203472465,True,12,0.007007451329563957,0.05,0.18764818366616964,315.29867363499943
880,17.274539545207517,True,12,0.0010360230836108653,0.05,0.18736128027861318,315.4767870999931
881,17.28814303049294,True,13,0.00014673921195837436,0.05,0.17913343857687253,315.664203332999
882,12.381249831616879,True,21,0.0045481017862691875,0.05,0.17593780257517383,315.9124292949855
883,17.651179574706475,True,9,0.0003684486999886924,0.05,0.17755227784315744,316.01989857200533
884,14.790866948384792,True,18,0.0012845201887697333,0.05,0.18138697826200062,316.2628686169919
885,17.0529633671802,True,13,0.0029081169797426365,0.05,0.23961036552030307,316.4486861480109
886,17.050866485899313,True,13,0.0049114881010521305,0.05,0.19741734160253635,316.64887296699453
887,13.536925939784851,True,20,0.015345537640240825,0.05,0.1547730459831655,316.9104332260031
888,14.258054680819622,True,20,0.005916584845564898,0.05,0.1902541544288397,317.1780990450061
889,16.137654354935513,True,16,0.003017967467766669,0.05,0.18387964786961675,317.4189316240081
890,16.4466718334239,True,15,0.003514692716762413,0.05,0.17759795772532622,317.61494012299227
891,11.902096303773579,True,21,0.010483308503709043,0.05,0.1685793474316597,318.0341223030118
892,15.274643676797858,True,17,0.0017307447269467313,0.05,0.19253046350444064,318.3072234989959
893,13.073368931747973,True,20,0.00402832136535658,0.05,0.17556208120658995,318.5330196059949
894,15.379722787669742,True,17,0.002756178046502855,0.05,0.18847879635937073,318.7398098470003
895,13.177811513096094,True,19,0.01719645825821836,0.05,0.22747267468979485,319.00055940498714
896,15.939297055138741,True,16,0.003156453660664027,0.05,0.17141117539722472,319.21813999000005
897,14.88490681243129,True,18,0.0043584687697886815,0.05,0.17022926556981272,319.46085510301054
898,14.655612990818918,True,18,0.009026140732759813,0.05,0.1714635913570722,319.7032516770123
899,17.724967566505075,True,8,0.002329706961237507,0.05,0.20857045915909111,319.80289637998794
900,17.654648830066435,True,9,0.00042425757818416454,0.05,0.14901505907376608,319.98546680700383
901,15.475121653452515,True,17,0.026469730677365355,0.05,0.1889053859254893,320.2571636280045
902,10.9372788637178,True,24,0.0009797781891499602,0.05,0.1798416851864507,320.60157450000406
903,17.78872272328008,True,8,0.0029971777733278915,0.05,0.1788527900353074,320.73346951798885
904,11.59220330629032,True,22,0.008924807291145642,0.05,0.17842484934424813,321.13601192701026
905,16.568018641896195,True,15,0.00020772817021250112,0.05,0.220084177578489,321.334857378999
906,17.679786340758437,True,8,0.0005892878297120412,0.05,0.18804674874991179,321.42345870798454
907,11.720978385570923,True,24,0.011587814672226804,0.05,0.18664588468770185,321.6866716730001
908,15.425973108957987,True,17,0.00325939126675423,0.05,0.20614773506189094,321.89703005799674
909,16.188571670698003,True,16,0.006439516303367865,0.05,0.184143397025764,322.0856780410104
910,15.213020265847444,True,17,0.01395276485586161,0.05,0.17288929180187337,322.3416286020074
911,12.761970562380156,True,21,0.013790430162664125,0.05,0.20656114923102514,322.63288675798685
912,12.924571142171043,True,20,0.009687021927160089,0.05,0.2314622518606484,322.88069540500874
913,9.543248629430309,True,25,0.012099935507974169,0.05,0.20853328444063662,323.34953816700727
914,11.202994016907178,True,21,0.006987977843315285,0.05,0.18558785283849352,323.72394807299133
915,11.241351167950778,True,22,0.008685367432841096,0.05,0.1544149195436727,323.99213120000786
916,12.534081995347513,True,21,0.002197121697765203,0.05,0.18751517816313676,324.27795737001
917,13.766677031246946,True,19,0.000694233981393455,0.05,0.16971974172874502,324.50675718399
918,16.077644230629083,True,16,0.011884450719003736,0.05,0.1694683963432908,324.7540338819963
919,17.44993852606276,True,10,0.0019111399654138383,0.05,0.15749859809875488,324.8640764770098
920,12.868063982692547,True,21,0.0015223242059095865,0.05,0.21075624351700148,325.11363556899596
921,13.950747168407542,True,19,0.012491347149057086,0.05,0.19135781632442223,325.3858586839924
922,16.928288282919674,True,13,0.0061980356227717415,0.05,0.16281230102937955,325.56732449299307
923,17.5063697097823,True,10,0.004683744064861509,0.05,0.17328652013093232,325.7209706119902
924,14.319025971158407,True,19,0.0036348365926447412,0.05,0.22944803928074084,325.99329004000174
925,15.593677060469053,True,17,0.004746547573421966,0.05,0.21620013378560543,326.20359416800784
926,13.981374610960483,True,19,0.005368548056466693,0.05,0.20392331927034416,326.4708942490106
927,13.7795136740664,True,19,0.00498240474346745,0.05,0.1839195726145255,326.7109704169852
928,17.445063492842017,True,12,0.0032620096187667424,0.05,0.17141961391704777,326.8873731729982
929,15.574609463720115,True,16,0.008482286472456357,0.05,0.19019798701629043,327.156947245996
930,16.081585222698777,True,16,2.84315715895489e-05,0.05,0.181609102524817,327.3587030720082
931,16.919532052404247,True,13,0.000953032016013794,0.05,0.15694177308334753,327.4917542350013
932,17.122548959671985,True,12,0.007313605681265212,0.05,0.17779667737583318,327.7050053429848
933,15.220774485403672,True,17,0.007056318818593976,0.05,0.17949188391075416,327.93600864199107
934,15.161294642428402,True,17,0.001803124801914524,0.05,0.19503526411512317,328.1783244989929
935,14.701190389133988,True,17,0.007570888869139147,0.05,0.24800936220323339,328.4112119410129
936,12.02125089559704,True,21,0.006483582899965312,0.05,0.18053658803304037,328.7158907429839
937,12.33826121004531,True,22,0.006851741250074261,0.05,0.16364075903865424,329.03015048100497
938,13.132465216016863,True,21,0.00892341357068871,0.05,0.19889306232687973,329.36439469701145
939,12.910053500813955,True,20,6.547654172062156e-05,0.05,0.21356741450726985,329.6262090689852
940,15.554100014083087,True,18,0.009929946265431033,0.05,0.18929312724827063,329.8636476979882
941,13.850017277983715,True,19,0.012360165596339678,0.05,0.21005012408683174,330.158253400994
942,14.36378409822937,True,18,0.0030894713788299777,0.05,0.26611608680751586,330.4426080810081
943,17.325035797743112,True,12,0.0037303300457303956,0.05,0.18968990196784338,330.6049367210071
944,17.72267524995841,True,10,0.008740890924281541,0.05,0.19929256439208984,330.822856830986
945,15.296558814984746,True,18,0.014005503457355961,0.05,0.19907558678338924,331.06804025900783
946,15.863515059358907,True,17,0.0005541741507648079,0.05,0.17712489734677708,331.3375082190032
947,13.704464970063418,True,19,0.018640529949364493,0.05,0.17428001859470418,331.6270422670059
948,13.560411214584018,True,20,0.01496670737042094,0.05,0.20602680332958698,331.88217490998795
949,16.800962912663817,True,15,0.005324519550814644,0.05,0.1904573851575454,332.09436024699244
950,17.69295701222727,True,9,0.0009129549985121832,0.05,0.21174426128466925,332.22275861000526
951,15.473307869117708,True,17,0.0037919846830465898,0.05,0.16903608818264568,332.4472142389859
952,15.381287721102126,True,17,0.0037770217276434925,0.05,0.22108211039620287,332.65939937598887
953,14.219356946041806,True,19,0.0017444580364983642,0.05,0.16879424344944327,332.87248443000135
954,12.033493260946125,True,22,0.0016588694580629282,0.05,0.17165429301729257,333.18526762200054
955,12.024204101011856,True,22,0.00020517900772565323,0.05,0.1774598260156133,333.4758043269976
956,15.231309402448824,True,18,0.00391733177595871,0.05,0.1686958366384109,333.786304623005
957,17.589059194177388,True,8,0.0019948779168567805,0.05,0.13813445973210037,333.8827297370008
958,17.81947388217086,True,8,0.005193968559527296,0.05,0.18545070942491293,334.0236410239886
959,17.70532997052651,True,9,0.0026805199670185687,0.05,0.21846265511380303,334.12968248600373
960,17.675190476421268,True,9,0.004504934904580184,0.05,0.15342908373309505,334.23390781198395
961,17.625106896832584,True,11,0.0035580969178242022,0.05,0.20469935373826462,334.40086407901254
962,13.550206622225232,True,20,0.007718170536696767,0.05,0.17636596094816923,334.72068518499145
963,13.098115049256013,True,21,0.0011053960397824358,0.05,0.1757851295350563,335.0099117200007
964,11.944092735031155,True,22,0.006181448532299294,0.05,0.21574499051679263,335.3396685149928
965,17.531233544251883,True,8,0.008963350849916903,0.05,0.18239082139916718,335.4313203089987
966,11.411092717619614,True,22,0.009074858051079882,0.05,0.21007011500610548,335.758000205009
967,14.216790557629428,True,19,0.006404732920248124,0.05,0.23478979421289345,336.03915099200094
968,17.65043216334889,True,10,0.0009334995120600237,0.05,0.1365809880197048,336.1830225629965
969,14.823537511285394,True,18,0.002021067037198898,0.05,0.23396606463938951,336.4244538960047
970,15.729259055794682,True,17,0.0014428892838550533,0.05,0.19635711906149106,336.6267182450101
971,11.464051002799533,True,22,0.008576259673280351,0.05,0.19276716052131218,336.95690349600045
972,13.36103781668935,True,20,0.0022095317478683096,0.05,0.2281261476688087,337.2231095430034
973,12.852042018715292,True,21,0.001976617452715268,0.05,0.2126830487201611,337.52034631799324
974,16.165413093256937,True,16,0.017560285832165734,0.05,0.19056241039652377,337.70326615701197
975,17.288313064817338,True,13,0.0038792071741277634,0.05,0.2010533001560431,337.8622208859888
976,17.40571846421808,True,12,0.003934997537287217,0.05,0.20770718824739257,338.04643729300005
977,17.24998502591625,True,12,0.004274431540468221,0.05,0.13095607267071804,338.2511713629938
978,17.68331288541667,True,9,0.005083417324485973,0.05,0.2241106645928489,338.41604556000675
979,14.399546547234058,True,18,0.0039849841338852054,0.05,0.15743495803326368,338.68986919600866
980,11.200070091243834,True,22,0.0032588360322786114,0.05,0.2101002564992417,339.0048255700094
981,14.516028730222024,True,19,0.0005330023263171446,0.05,0.21742621966098485,339.29459817599854
982,15.595011319033802,True,17,0.012204592816769333,0.05,0.20225137055796735,339.52017905100365
983,17.683659043116496,True,9,0.003952249565947127,0.05,0.2482538628909323,339.6152044830087
984,13.875683319219387,True,19,0.00567452825441539,0.05,0.245920671836326,339.8543508189905
985,12.376964337565004,True,22,0.011429516910447024,0.05,0.1461449795487252,340.11553488098434
986,16.440466104168443,True,14,0.021837568565622523,0.05,0.23159598026956832,340.3116958370083
987,12.084269260897418,True,21,0.00027495325839188567,0.05,0.15442384433533465,340.6922942340025
988,16.66095238122216,True,14,0.000828737742217589,0.05,0.23432640212454967,340.98931462698965
989,14.699941980559377,True,17,0.004278581149996796,0.05,0.24448830086518736,341.24201099100173
990,16.973152126188506,True,13,0.005889091529447332,0.05,0.18030213779554918,341.38520850098575
991,16.94730008708284,True,22,0.014593750443709974,0.05,0.1882027911699631,341.68776980999974
992,14.021265904046594,True,20,0.018668696739385593,0.05,0.17649928657338024,341.9074748099956
993,15.022357299132272,True,18,0.0009206816530722972,0.05,0.1838783094038566,342.1430770639854
994,11.901998534461017,True,22,0.0027882823101846865,0.05,0.22354662011970172,342.4566944029939
995,17.428678834915626,True,11,0.010185524669670445,0.05,0.1925365970554677,342.593694812007
996,16.930927839895595,True,14,0.008304663086122765,0.05,0.18110609600054367,342.8055227930017
997,10.854011433525011,True,22,0.017654251776735852,0.05,0.1777864769101143,343.1660108900105
998,9.587921807914972,True,24,9.431294107831167e-05,0.05,0.1780613100466629,343.4852765589894
999,15.98123275274411,True,16,0.0012963928876035813,0.05,0.18153265619184822,343.7771076800127
1000,12.053735615918413,True,22,0.002047202766899514,0.05,0.18270359018986876,344.1257183419948
1001,17.758643790893256,True,10,0.011312553176625995,0.05,0.20496305525302888,344.2823164839938
1002,12.985428548650816,True,21,0.0053747325874565766,0.05,0.13735325332908405,344.60502599799656
1003,14.043514978676104,True,19,0.0021358331436147626,0.05,0.1999172023252437,344.83664553798735
1004,16.612898790684994,True,16,0.0012040059479424547,0.05,0.14674707711674273,345.06646394499694
1005,17.322721013615954,True,13,0.0006275347038829371,0.05,0.27334271271068317,345.2982322030002
1006,12.125316029740496,True,22,0.007129018008717569,0.05,0.22503101995045488,345.583993740991
1007,16.490636390715373,True,15,0.006267164303511319,0.05,0.15586236553887525,345.76379708299646
1008,15.7526014555071,True,16,0.0028660039657528724,0.05,0.20234715403057635,345.9960603060026
1009,17.54512504421582,True,9,0.00017012261810644969,0.05,0.18385136562089124,346.12638105099904
1010,16.496278245840223,True,14,0.004782910157523634,0.05,0.1644734629829015,346.39278388698585
1011,17.252344077522867,True,12,0.003197941258375747,0.05,0.19762696139514446,346.55410353900515
1012,17.53829569937661,True,8,0.016701460528630682,0.05,0.19039272028021514,346.6506362170039
1013,12.087612439057557,True,21,0.007363258619814239,0.05,0.18676012639133704,346.9328548969934
1014,16.445676368230487,True,15,0.006211604019521366,0.05,0.23473974217971166,347.16320007201284
1015,14.373288070503621,True,19,0.006064072406803622,0.05,0.22137008764241872,347.4035567409883
1016,16.324011267126615,True,15,0.0026361309871293925,0.05,0.19247732410828272,347.60228872898733
1017,13.902647028653881,True,19,0.007846743472045947,0.05,0.17633766945647567,347.82263141099247
1018,11.92221468416974,True,21,0.0067856450946408575,0.05,0.1992851835453794,348.06599660401116
1019,17.414943538804074,True,10,0.0010715927250958823,0.05,0.24321839809417725,348.24518340599025
1020,11.803292910358868,True,22,0.0046626446859643345,0.05,0.2219802046364004,348.6140872690012
1021,15.25749768204987,True,18,0.0074115896334009945,0.05,0.19256950211193827,348.85779128898866
1022,11.103422163054347,True,22,0.003904376046959923,0.05,0.15785117764872583,349.1942085629853
1023,17.697265950683505,True,9,0.0023509777640771667,0.05,0.22799173618356386,349.31012460798956
1024,16.593818996148183,True,14,0.005036803694466074,0.05,0.22358952169971807,349.47482334199594
1025,16.36409953953116,True,15,0.000501750797196221,0.05,0.2032249574859937,349.68154709399096
1026,12.087471765186637,True,21,0.012052414874008655,0.05,0.19411365554801055,349.95370878398535
1027,16.861304041510447,True,13,0.0006857620032124645,0.05,0.1870334121183707,350.12216410200926
1028,14.803790420024962,True,20,0.00598509269258285,0.05,0.2130205225199461,350.4230000890093
1029,17.072203525772785,True,12,0.010506418443770427,0.05,0.23489374356965223,350.5902480520017
1030,17.318718818505296,True,11,0.00741120328653494,0.05,0.1785939960655841,350.83163097299985
1031,15.3524866434047,True,18,0.008598843567416747,0.05,0.16364557502998245,351.2024976880057
1032,17.671948419668478,True,8,0.00028878499136853093,0.05,0.21273649483919144,351.30492279300233
1033,13.002932644891553,True,20,0.001828906589605439,0.05,0.18760764403268695,351.5354250119999
1034,16.988829002156855,True,13,0.0006785760515692074,0.05,0.15796043530393106,351.6760602440045
1035,16.77160701842513,True,14,0.003755786480593909,0.05,0.20662870590708085,351.8358917500009
1036,16.565481408213962,True,14,0.0005638330191746754,0.05,0.21564988166626012,352.052817918011
1037,17.158378089172764,True,12,0.0057763028003216255,0.05,0.20141989489396414,352.27873064499
1038,17.395283673517405,True,11,0.00420770780426552,0.05,0.1824934408068657,352.42691745000775
1039,12.811544981133192,True,21,0.0016393868118080857,0.05,0.1865261071139858,352.7011611080088
1040,12.648804425122215,True,20,0.02624188497769786,0.05,0.2309478078968823,353.00994121900294
1041,16.686834939560505,True,14,0.004428025925926671,0.05,0.15511508126344,353.2166779729887
1042,16.825177069567143,True,15,0.005649594236785349,0.05,0.2855486234029134,353.46548555098707
1043,16.719171703816393,True,14,0.00290030837273364,0.05,0.1700506710580417,353.6441429849947
1044,11.03114342095796,True,29,0.016577709062270074,0.05,0.19288182261817413,354.1263923610095
1045,16.53157386074308,True,15,0.007752221094007139,0.05,0.1908525601029396,354.4019518879941
1046,13.823623905488056,True,20,0.00449400951684964,0.05,0.20364517159759998,354.650572841987
1047,15.13039830608759,True,18,0.010091563953907645,0.05,0.22099165742595991,354.8718991779897
1048,13.170090932492165,True,20,0.004910932996269768,0.05,0.1828279223293066,355.10602726301295
1049,15.183011697931216,True,18,0.002016739933086098,0.05,0.19063282954610056,355.39730951801175
1050,16.504246279643848,True,14,0.009963406237657402,0.05,0.14572293384532845,355.6951267149998
1051,12.547429412443307,True,22,0.008249820508817174,0.05,0.23385486582463438,355.9809898780077
1052,15.959282612102108,True,16,0.0032075617802475587,0.05,0.19752571859862655,356.22328612799174
1053,13.713675140577834,True,19,0.003197627555551308,0.05,0.208616296515653,356.42240447798395
1054,15.916696091229095,True,16,0.005717211831535729,0.05,0.2152825859375298,356.63293456000974
1055,16.500617273920216,True,15,0.003921384824085716,0.05,0.225772030154864,356.82691141898977
1056,12.652624896913768,True,21,0.007907799154737383,0.05,0.19775008552131199,357.06875450798543
1057,14.949465182540006,True,18,0.0016132239290584383,0.05,0.20882216137316492,357.3105336879962
1058,17.693581853725483,True,10,0.005040831136066501,0.05,0.20514345020055771,357.4351186249987
1059,17.903933357389178,True,21,0.0004953756343759053,0.05,0.14719256368421374,357.73776618301054
1060,11.521818327184883,True,24,0.0015695463776455032,0.05,0.19150845201996466,358.10632169400924
1061,17.248142615985124,True,13,0.006969240730259452,0.05,0.1941276014997409,358.32494396399125
1062,15.603441917244346,True,17,0.009354567273070602,0.05,0.16955197558683507,358.54946532601025
1063,16.86250503894407,True,15,0.0012602031403025349,0.05,0.1912092129389445,358.7440682690067
1064,16.15734873441979,True,15,0.009409606639911083,0.05,0.1961809272567431,358.97157183100353
1065,11.396408856101333,True,22,0.002769725530284539,0.05,0.2039628398012031,359.2856773280073
1066,17.207897116662934,True,12,0.00936995184427758,0.05,0.17568643360088268,359.4624557759962
1067,16.427006199100287,True,16,0.012154467254919366,0.05,0.1819361763773486,359.6555643180036
1068,11.559215256059542,True,22,0.0007707115777745299,0.05,0.17165656591003592,359.97290314899874
1069,17.236316663282924,True,12,0.0014590586767498914,0.05,0.18223915497461954,360.1268398289976
1070,13.483667618501931,True,20,0.00534149631403491,0.05,0.1966582621447742,360.4444372949947
1071,17.244669827725737,True,13,0.00723637920397463,0.05,0.15179495026285833,360.6325109610043
1072,17.525551869068295,True,10,0.005509099896174124,0.05,0.1973454101011157,360.8230055519962
1073,12.129925006441772,True,21,0.015445754583762183,0.05,0.1837391018690098,361.19388687598985
1074,13.844168024975806,True,20,0.013050245158010787,0.05,0.22993982918560504,361.5073892909859
1075,16.573965430585666,True,15,0.0130541211969592,0.05,0.20397802790006,361.6989431240072
1076,17.769753660121932,True,10,0.0065122662074691,0.05,0.2187861602753401,361.8240437300119
1077,17.751568043150474,True,8,0.005613848100241514,0.05,0.17492006393149495,361.93961265598773
1078,16.981714304184425,True,13,0.0025422694631812848,0.05,0.20428777772646683,362.12237600798835
1079,16.509144794242456,True,14,0.006527436443835022,0.05,0.15168531904263155,362.3752615810081
1080,15.331592707562958,True,17,0.006803507266856579,0.05,0.2333771213889122,362.5890342989878
1081,12.56241834317334,True,21,0.003358456798374765,0.05,0.23515544033476285,362.9284007890092
1082,12.488800627365707,True,21,0.0005736513910569174,0.05,0.14229347095603034,363.2441288039845
1083,14.996117379609496,True,26,0.0013738048760870702,0.05,0.18273925616477543,363.67170594399795
1084,9.302535146067385,True,25,0.001831836711792878,0.05,0.2011480762809515,363.98004617501283
1085,15.43266129363328,True,16,0.009899699719386035,0.05,0.15304174937773496,364.2124688240001
1086,15.183487221226095,True,17,0.003247336147138402,0.05,0.1968145076842869,364.4478086660092
1087,15.323573414294515,True,17,0.009080025712157158,0.05,0.21427357525509946,364.71046408000984
1088,17.585488091723526,True,8,0.0007951676509475175,0.05,0.14850531425327063,364.8089867270028
1089,17.7644353069365,True,10,0.008416797941038279,0.05,0.16743936184793712,364.9475975630048
1090,15.363646813388913,True,17,0.006502042179970358,0.05,0.1521091820562587,365.1589522800059
1091,16.5867613252718,True,14,0.00963845783480155,0.05,0.18423602038196155,365.37392188300146
1092,16.06767567904899,True,15,0.004854627746107454,0.05,0.23201618393262227,365.5910156710015
1093,15.266370630590245,True,17,0.01281776660248557,0.05,0.1504898519419572,365.86046329900273
1094,17.144314665865387,True,12,0.000654974178909945,0.05,0.22112714871764183,366.04329978098394
1095,17.358116862201133,True,12,0.002908779575656717,0.05,0.2110968759904305,366.1811840200098
1096,15.161512128694447,True,18,0.0007138035727338732,0.05,0.21593550220131874,366.4327686459874
1097,14.458667213795707,True,18,0.006437942337879976,0.05,0.18769565576480496,366.69503220700426
1098,13.459184988029302,True,20,0.012300865820354612,0.05,0.21954991593956946,366.96329097499256
1099,14.227231457014568,True,18,0.001782351546759764,0.05,0.20764507042864958,367.2640689149848
1100,10.524067611712962,True,24,0.004919209953968995,0.05,0.14748480170965195,367.5778174980078
1101,16.757950573659762,True,14,0.0036405495802622756,0.05,0.1587677566068513,367.74323163798545
1102,14.801073705079034,True,18,0.017401693091801285,0.05,0.18020980629242128,367.99549985598424
1103,13.999579044268465,True,18,0.008270825391401115,0.05,0.16324294813805157,368.3106370269961
1104,13.611515839700587,True,20,0.008369590031842233,0.05,0.20662040431052447,368.5967313919973
1105,15.270719973184168,True,18,0.007373760777262761,0.05,0.1859980695363548,368.80995906100725
1106,13.001751495362258,True,21,0.0013510409515266053,0.05,0.166678237950518,369.16632987500634
1107,17.032596068968996,True,12,0.005140541114628361,0.05,0.18779950278500715,369.41046809998807
1108,10.273028846131638,True,30,0.009877048775958408,0.05,0.18684336636215448,369.84402419198886
1109,14.822210715012625,True,18,0.0018933606429563654,0.05,0.17188287971334326,370.08036146700033
1110,13.764238389302044,True,19,0.017023598497050485,0.05,0.18130867330259398,370.39547333400697
1111,17.497035221973782,True,12,0.0018870944542326296,0.05,0.20731738721951842,370.53861097901245
1112,16.91127600381151,True,13,0.030850485924930948,0.05,0.1602625045208977,370.71207830199273
1113,12.409794315876205,True,21,0.016855456983073558,0.05,0.17041879493210996,371.0583204549912
1114,9.561425531073473,True,23,0.018157824181378457,0.05,0.21134861040374506,371.4052947059972
1115,12.384503103699535,True,21,0.022370746824892374,0.05,0.16979838499710673,371.7761676700029
1116,13.76687842103711,True,19,0.00021137720656161374,0.05,0.14804721878547417,372.06493672399665
1117,14.436098762927577,True,19,0.014444645827095925,0.05,0.18485598873935247,372.3355775210075
1118,15.886281036693253,True,16,0.0024908237257014187,0.05,0.17322533892001957,372.6726051630103
1119,13.317623336357064,True,20,0.009326387035064054,0.05,0.21357390582561492,372.950739168009
1120,16.50172912980197,True,15,0.0006790834335060891,0.05,0.1595925737172365,373.1917265719967
1121,13.249677762092324,True,21,0.00723849139292565,0.05,0.15861859057276023,373.4469415000058
1122,14.204714255593718,True,19,0.006422962489118111,0.05,0.16354207106326757,373.7011733079853
1123,14.388769608177244,True,19,0.0015431927057358852,0.05,0.18853885415745408,373.97825008499785
1124,17.483790474280248,True,12,0.004974398010038933,0.05,0.16190664997945228,374.13311985199107
1125,17.658480487263297,True,10,0.002637098056905693,0.05,0.12890227362513543,374.3042839950067
1126,17.990193291567266,True,8,0.0012258385284452666,0.05,0.1642968375235796,374.4089894829958
1127,16.272900881478563,True,15,0.00913799625889361,0.05,0.201143471027414,374.59825481899315
1128,16.630046624096575,True,14,0.015917360593609486,0.05,0.19230206603450434,374.7975163660012
1129,12.722373029625306,True,27,5.689730139324389e-05,0.05,0.21172248627300616,375.24588280098396
1130,10.913365489454009,True,22,0.009222733366143543,0.05,0.16675650201399217,375.54681646899553
1131,17.589059193944557,True,8,0.003918267760197731,0.05,0.17704160860739648,375.69436224899255
1132,12.778485405514948,True,20,0.006060383889274101,0.05,0.21782602854073047,375.96817673099576
1133,15.822688710596413,True,16,0.010927099727465361,0.05,0.18711495399475098,376.23742215899983
1134,11.386123659508302,True,22,0.0036268255700946384,0.05,0.17533883189951832,376.4921661289991
1135,16.489742332918105,True,15,0.00072407787383022,0.05,0.16525433833400408,376.6564236340055
1136,17.669061963894638,True,9,0.0002454693010129974,0.05,0.15217400859627458,376.76002718901145
1137,17.441198887024076,True,11,0.0018198797442531278,0.05,0.1769351683218371,376.88478190801106
1138,11.334741186827886,True,24,0.0007397357460873222,0.05,0.1686683555599302,377.2661636249977
1139,16.427940249140374,True,15,0.006207369543801078,0.05,0.2316632866859436,377.4798466200009
1140,16.843885599938222,True,14,0.0017817152197540653,0.05,0.15104324663324015,377.6579000969941
1141,14.877696658717468,True,18,0.002886775101206829,0.05,0.19366712464640537,377.860149805987
1142,15.415428958204576,True,31,0.0007112743357827744,0.05,0.18470002861032564,378.3259726559918
1143,13.95986443159636,True,20,0.0008091733121016187,0.05,0.20631779544055462,378.6348879910074
1144,17.16977068958804,True,12,0.004233756947092521,0.05,0.19207509948561588,378.7766520709847
1145,16.536909993557494,True,15,0.006907265527114459,0.05,0.14984370060265065,378.9597619599954
1146,15.548801991296932,True,17,0.008827742084932422,0.05,0.19818666402031393,379.20106450200547
1147,14.883918941754382,True,18,0.009322438823431256,0.05,0.18799001371694934,379.42787678798777
1148,17.546237283945082,True,8,0.00798387433312801,0.05,0.2562336418777704,379.54600820399355
1149,12.533013756014405,True,21,0.003020723979707207,0.05,0.18278553975479944,379.8130500649859
1150,13.66855116346851,True,20,0.012991668271311374,0.05,0.15655885105952622,380.0875823319948
1151,13.374193428677971,True,20,0.007922000952224506,0.05,0.18181920945644378,380.382572817005
1152,12.888680818444119,True,21,0.005669528868296303,0.05,0.13659794052087126,380.69207213498885
1153,12.818515132972971,True,21,0.00043333532435230193,0.05,0.19686334296351388,381.0751281499979
1154,17.68315223553218,True,9,0.002540503837507306,0.05,0.2383919209241867,381.1764509569912
1155,12.168360442412085,True,21,0.011425983767301195,0.05,0.19636666029691696,381.4533561549906
1156,11.226351569406688,True,23,0.002971263198013885,0.05,0.15338605188805124,381.79139108001254
1157,9.666890366422013,True,24,0.009730327767992875,0.05,0.17293607245665044,382.2126844289887
1158,17.375498687670916,True,13,0.003884511025210355,0.05,0.21198110869870737,382.3847409749869
1159,15.14954616217874,True,18,0.004804678165262755,0.05,0.172598614046971,382.6431834399991
1160,11.62566096073715,True,22,0.003621107483168462,0.05,0.1888787600804459,382.9582393610035
1161,16.67187673146982,True,14,0.0017898928475117981,0.05,0.17834717221558094,383.1856402030098
1162,14.54309238786227,True,19,0.00405800394907696,0.05,0.17336652800440788,383.4441490760073
1163,14.343388874642551,True,19,0.004618119477985072,0.05,0.18796508112236074,383.68449875499937
1164,13.752645993814802,True,19,0.028585626937917552,0.05,0.18577965976376282,383.9644793419866
1165,13.797454572684364,True,19,8.055331971212887e-05,0.05,0.17175099616380116,384.2571924389922
1166,14.401026127068326,True,19,0.0022062215365894478,0.05,0.20091078900977186,384.5323250129877
1167,17.661004061240238,True,9,0.0091611412663224,0.05,0.14177575748827723,384.6413407920045
1168,14.460881538642571,True,19,0.007720482369039772,0.05,0.1846551361836885,384.8832844719873
1169,13.036083576944657,True,20,0.0015127599090000166,0.05,0.1947062812745571,385.2421555299952
1170,17.33196049425751,True,12,0.0020022474468942286,0.05,0.14261455306162438,385.4481643679901
1171,15.741653862781822,True,17,0.004000934745049589,0.05,0.13478336713331587,385.69009174598614
1172,14.972842371778096,True,19,0.005322486889597966,0.05,0.17421946449107245,385.9394455619913
1173,15.339551463816314,True,16,0.021639521565568864,0.05,0.12793328746920452,386.18759622698417
1174,17.94651386514306,True,8,0.006685767025302214,0.05,0.18284135777503252,386.2789507730049
1175,13.7649775383994,True,22,0.005954520570860655,0.05,0.19771294329654088,386.591969636007
1176,17.51286955334981,True,9,0.012951148900418999,0.05,0.16479734662506315,386.6986902249919
1177,16.986902559199372,True,13,0.012661591151379298,0.05,0.2048533194913314,386.85525371300173
1178,14.964331801980734,True,18,0.010059422272790497,0.05,0.15087246822400224,387.0657969239983
1179,14.76703740650846,True,18,0.0034224824385374886,0.05,0.2201236786527766,387.31661862600595
1180,14.925329180597327,True,19,0.007569775745536633,0.05,0.21521591140251412,387.61162241199054
1181,12.900092575442978,True,21,0.0007934252466836877,0.05,0.2052288069611504,387.85608050998417
1182,11.336160502606072,True,24,0.004703852876440595,0.05,0.1932643752079457,388.17980842100224
1183,14.278857837268152,True,19,0.0023963150651953313,0.05,0.17190660967638619,388.45681134599727
1184,14.39687571618706,True,19,0.007472834842392029,0.05,0.21155009761844812,388.7440900960064
1185,14.332323904614896,True,19,0.009804313909302476,0.05,0.17089967253176788,389.01817594398744
1186,19.848540834570304,True,16,0.016760345002032245,0.05,0.17835079180076718,389.25226763499086
1187,11.04139681805391,True,22,0.001240066822900232,0.05,0.1842262583192099,389.50413891801145
1188,13.726713566295803,True,19,0.008266040915829831,0.05,0.21162168995330208,389.76293889500084
1189,16.832180615607648,True,14,0.004827485389336861,0.05,0.20228199288249016,389.94529481299105
1190,17.394000061397673,True,10,0.00033127350931977384,0.05,0.1804553411900997,390.0670549169881
1191,17.18918127201032,True,13,0.01629625908157073,0.05,0.18958045771488777,390.25750867900206
1192,13.415635942015797,True,20,0.0015224332682250985,0.05,0.15917712021619082,390.64925380199566
1193,11.401789648720296,True,22,0.0015630667938729692,0.05,0.18508255397054282,391.2901544579945
1194,13.523094957601279,True,20,0.0017436490367023216,0.05,0.13327382011339067,391.6868189150118
1195,14.819425330357626,True,18,0.0014291299297135573,0.05,0.20569438269982734,392.08267896898906
1196,16.823193897167222,True,21,0.0020204980541190243,0.05,0.1634067485020274,392.47031666198745
1197,18.205482736372506,True,20,0.003003688868186638,0.05,0.20139566119760274,392.7548462570121
1198,15.480554276399198,True,18,7.819309858281276e-05,0.05,0.1678424415489038,392.98075799198705
1199,15.404935513381496,True,18,0.008534528666197583,0.05,0.21458748914301395,393.2803899360006
1200,17.56752659091726,True,11,0.008896858054748949,0.05,0.1704142169857567,393.4495317490073
